,neuroid_id,arr,col,hemisphere,subregion,animal,y,x,row,region,pc,eigenvalues,component,layer,split,value
0,Chabo_L_P_0_2,P,2,L,V4,Chabo,-1.8,-1.0,0,V4,0,5.880707,0,layer1.0,0,0.6750656871319707
1,Chabo_L_P_0_3,P,3,L,V4,Chabo,-1.8,-0.6000000000000001,0,V4,1,1.9804419,1,layer1.0,0,0.5882286109992275
2,Chabo_L_P_0_6,P,6,L,V4,Chabo,-1.8,0.6000000000000001,0,V4,2,1.1559918,2,layer1.0,0,0.5906180752196509
3,Chabo_L_P_1_0,P,0,L,V4,Chabo,-1.4000000000000001,-1.8,1,V4,3,0.90416205,3,layer1.0,0,0.31508896279133336
4,Chabo_L_P_1_2,P,2,L,V4,Chabo,-1.4000000000000001,-1.0,1,V4,4,0.6592647,4,layer1.0,0,0.15983779972378137
5,Chabo_L_P_1_4,P,4,L,V4,Chabo,-1.4000000000000001,-0.2,1,V4,5,0.5022691,5,layer1.0,0,0.3414858459769522
6,Chabo_L_P_1_5,P,5,L,V4,Chabo,-1.4000000000000001,0.2,1,V4,6,0.45661438,6,layer1.0,0,0.21624709495873096
7,Chabo_L_P_1_9,P,9,L,V4,Chabo,-1.4000000000000001,1.8,1,V4,7,0.38636193,7,layer1.0,0,0.4585398075028158
8,Chabo_L_P_2_0,P,0,L,V4,Chabo,-1.0,-1.8,2,V4,8,0.36999488,8,layer1.0,0,0.22078124022365675
9,Chabo_L_P_2_1,P,1,L,V4,Chabo,-1.0,-1.4000000000000001,2,V4,9,0.30207703,9,layer1.0,0,0.09699574001106606
10,Chabo_L_P_2_4,P,4,L,V4,Chabo,-1.0,-0.2,2,V4,10,0.25871778,10,layer1.0,0,0.2909789786358964
11,Chabo_L_P_2_6,P,6,L,V4,Chabo,-1.0,0.6000000000000001,2,V4,11,0.23354065,11,layer1.0,0,0.2331772329183801
12,Chabo_L_P_2_7,P,7,L,V4,Chabo,-1.0,1.0,2,V4,12,0.2148396,12,layer1.0,0,0.22777157068366063
13,Chabo_L_P_2_8,P,8,L,V4,Chabo,-1.0,1.4000000000000001,2,V4,13,0.20041782,13,layer1.0,0,0.2016227607310437
14,Chabo_L_P_2_9,P,9,L,V4,Chabo,-1.0,1.8,2,V4,14,0.1797199,14,layer1.0,0,0.15383451420692598
15,Chabo_L_P_3_0,P,0,L,V4,Chabo,-0.6000000000000001,-1.8,3,V4,15,0.16179065,15,layer1.0,0,0.23062599111318305
16,Chabo_L_P_3_1,P,1,L,V4,Chabo,-0.6000000000000001,-1.4000000000000001,3,V4,16,0.14348383,16,layer1.0,0,0.20210869387665364
17,Chabo_L_P_3_5,P,5,L,V4,Chabo,-0.6000000000000001,0.2,3,V4,17,0.120257586,19,layer1.0,0,0.17590237559955332
18,Chabo_L_P_3_7,P,7,L,V4,Chabo,-0.6000000000000001,1.0,3,V4,18,0.11258666,20,layer1.0,0,0.07651631606886616
19,Chabo_L_P_3_9,P,9,L,V4,Chabo,-0.6000000000000001,1.8,3,V4,19,0.10354253,21,layer1.0,0,0.09180224527542823
20,Chabo_L_P_4_2,P,2,L,V4,Chabo,-0.2,-1.0,4,V4,20,0.08750873,24,layer1.0,0,0.14952669963195678
21,Chabo_L_P_4_5,P,5,L,V4,Chabo,-0.2,0.2,4,V4,21,0.07274828,26,layer1.0,0,0.1548590785020848
22,Chabo_L_P_0_2,P,2,L,V4,Chabo,-1.8,-1.0,0,V4,0,5.880707,0,layer1.0,1,0.6986656449011786
23,Chabo_L_P_0_3,P,3,L,V4,Chabo,-1.8,-0.6000000000000001,0,V4,1,1.9804419,1,layer1.0,1,0.5389276102801512
24,Chabo_L_P_0_6,P,6,L,V4,Chabo,-1.8,0.6000000000000001,0,V4,2,1.1559918,2,layer1.0,1,0.5778484958406283
25,Chabo_L_P_1_0,P,0,L,V4,Chabo,-1.4000000000000001,-1.8,1,V4,3,0.90416205,3,layer1.0,1,0.40296702686605707
26,Chabo_L_P_1_2,P,2,L,V4,Chabo,-1.4000000000000001,-1.0,1,V4,4,0.6592647,4,layer1.0,1,0.1227533522462203
27,Chabo_L_P_1_4,P,4,L,V4,Chabo,-1.4000000000000001,-0.2,1,V4,5,0.5022691,5,layer1.0,1,0.3398570037983898
28,Chabo_L_P_1_5,P,5,L,V4,Chabo,-1.4000000000000001,0.2,1,V4,6,0.45661438,6,layer1.0,1,0.25916418074977077
29,Chabo_L_P_1_9,P,9,L,V4,Chabo,-1.4000000000000001,1.8,1,V4,7,0.38636193,7,layer1.0,1,0.4187726502190202
30,Chabo_L_P_2_0,P,0,L,V4,Chabo,-1.0,-1.8,2,V4,8,0.36999488,8,layer1.0,1,0.15479491454437805
31,Chabo_L_P_2_1,P,1,L,V4,Chabo,-1.0,-1.4000000000000001,2,V4,9,0.30207703,9,layer1.0,1,0.05636862102174751
32,Chabo_L_P_2_4,P,4,L,V4,Chabo,-1.0,-0.2,2,V4,10,0.25871778,10,layer1.0,1,0.14046581491699792
33,Chabo_L_P_2_6,P,6,L,V4,Chabo,-1.0,0.6000000000000001,2,V4,11,0.23354065,11,layer1.0,1,0.2509265637494993
34,Chabo_L_P_2_7,P,7,L,V4,Chabo,-1.0,1.0,2,V4,12,0.2148396,12,layer1.0,1,0.14225267226704358
35,Chabo_L_P_2_8,P,8,L,V4,Chabo,-1.0,1.4000000000000001,2,V4,13,0.20041782,13,layer1.0,1,0.21816217950275438
36,Chabo_L_P_2_9,P,9,L,V4,Chabo,-1.0,1.8,2,V4,14,0.1797199,14,layer1.0,1,0.1082380253123279
37,Chabo_L_P_3_0,P,0,L,V4,Chabo,-0.6000000000000001,-1.8,3,V4,15,0.16179065,15,layer1.0,1,0.10953567589408228
38,Chabo_L_P_3_1,P,1,L,V4,Chabo,-0.6000000000000001,-1.4000000000000001,3,V4,16,0.14348383,16,layer1.0,1,0.22646997515844008
39,Chabo_L_P_3_5,P,5,L,V4,Chabo,-0.6000000000000001,0.2,3,V4,17,0.120257586,19,layer1.0,1,0.05987059864113603
40,Chabo_L_P_3_7,P,7,L,V4,Chabo,-0.6000000000000001,1.0,3,V4,18,0.11258666,20,layer1.0,1,0.054143738160531814
41,Chabo_L_P_3_9,P,9,L,V4,Chabo,-0.6000000000000001,1.8,3,V4,19,0.10354253,21,layer1.0,1,0.11946676459027394
42,Chabo_L_P_4_2,P,2,L,V4,Chabo,-0.2,-1.0,4,V4,20,0.08750873,24,layer1.0,1,0.11157721350525604
43,Chabo_L_P_4_5,P,5,L,V4,Chabo,-0.2,0.2,4,V4,21,0.07274828,26,layer1.0,1,0.12488285217204598
44,Chabo_L_P_0_2,P,2,L,V4,Chabo,-1.8,-1.0,0,V4,0,5.880707,0,layer1.0,2,0.7149963640192403
45,Chabo_L_P_0_3,P,3,L,V4,Chabo,-1.8,-0.6000000000000001,0,V4,1,1.9804419,1,layer1.0,2,0.6338882405735704
46,Chabo_L_P_0_6,P,6,L,V4,Chabo,-1.8,0.6000000000000001,0,V4,2,1.1559918,2,layer1.0,2,0.5211589009613709
47,Chabo_L_P_1_0,P,0,L,V4,Chabo,-1.4000000000000001,-1.8,1,V4,3,0.90416205,3,layer1.0,2,0.35856708867470494
48,Chabo_L_P_1_2,P,2,L,V4,Chabo,-1.4000000000000001,-1.0,1,V4,4,0.6592647,4,layer1.0,2,0.07357290022475105
49,Chabo_L_P_1_4,P,4,L,V4,Chabo,-1.4000000000000001,-0.2,1,V4,5,0.5022691,5,layer1.0,2,0.31867905492308146
50,Chabo_L_P_1_5,P,5,L,V4,Chabo,-1.4000000000000001,0.2,1,V4,6,0.45661438,6,layer1.0,2,0.1962861514052734
51,Chabo_L_P_1_9,P,9,L,V4,Chabo,-1.4000000000000001,1.8,1,V4,7,0.38636193,7,layer1.0,2,0.44165462914732495
52,Chabo_L_P_2_0,P,0,L,V4,Chabo,-1.0,-1.8,2,V4,8,0.36999488,8,layer1.0,2,0.23520031169012848
53,Chabo_L_P_2_1,P,1,L,V4,Chabo,-1.0,-1.4000000000000001,2,V4,9,0.30207703,9,layer1.0,2,0.10542288069537614
54,Chabo_L_P_2_4,P,4,L,V4,Chabo,-1.0,-0.2,2,V4,10,0.25871778,10,layer1.0,2,0.1443162074996777
55,Chabo_L_P_2_6,P,6,L,V4,Chabo,-1.0,0.6000000000000001,2,V4,11,0.23354065,11,layer1.0,2,0.2255702260609575
56,Chabo_L_P_2_7,P,7,L,V4,Chabo,-1.0,1.0,2,V4,12,0.2148396,12,layer1.0,2,0.15490973201999836
57,Chabo_L_P_2_8,P,8,L,V4,Chabo,-1.0,1.4000000000000001,2,V4,13,0.20041782,13,layer1.0,2,0.225017839793523
58,Chabo_L_P_2_9,P,9,L,V4,Chabo,-1.0,1.8,2,V4,14,0.1797199,14,layer1.0,2,0.130016227746389
59,Chabo_L_P_3_0,P,0,L,V4,Chabo,-0.6000000000000001,-1.8,3,V4,15,0.16179065,15,layer1.0,2,0.2326065634599678
60,Chabo_L_P_3_1,P,1,L,V4,Chabo,-0.6000000000000001,-1.4000000000000001,3,V4,16,0.14348383,16,layer1.0,2,0.26809797664759616
61,Chabo_L_P_3_5,P,5,L,V4,Chabo,-0.6000000000000001,0.2,3,V4,17,0.120257586,19,layer1.0,2,0.11105347260253112
62,Chabo_L_P_3_7,P,7,L,V4,Chabo,-0.6000000000000001,1.0,3,V4,18,0.11258666,20,layer1.0,2,-0.05468955952201317
63,Chabo_L_P_3_9,P,9,L,V4,Chabo,-0.6000000000000001,1.8,3,V4,19,0.10354253,21,layer1.0,2,0.07504627162984912
64,Chabo_L_P_4_2,P,2,L,V4,Chabo,-0.2,-1.0,4,V4,20,0.08750873,24,layer1.0,2,0.14386156875300282
65,Chabo_L_P_4_5,P,5,L,V4,Chabo,-0.2,0.2,4,V4,21,0.07274828,26,layer1.0,2,0.03263058734055595
66,Chabo_L_P_0_2,P,2,L,V4,Chabo,-1.8,-1.0,0,V4,0,5.880707,0,layer1.0,3,0.6735323990725657
67,Chabo_L_P_0_3,P,3,L,V4,Chabo,-1.8,-0.6000000000000001,0,V4,1,1.9804419,1,layer1.0,3,0.567277541265897
68,Chabo_L_P_0_6,P,6,L,V4,Chabo,-1.8,0.6000000000000001,0,V4,2,1.1559918,2,layer1.0,3,0.6128675441544785
69,Chabo_L_P_1_0,P,0,L,V4,Chabo,-1.4000000000000001,-1.8,1,V4,3,0.90416205,3,layer1.0,3,0.29844346393884447
70,Chabo_L_P_1_2,P,2,L,V4,Chabo,-1.4000000000000001,-1.0,1,V4,4,0.6592647,4,layer1.0,3,0.09274322594044679
71,Chabo_L_P_1_4,P,4,L,V4,Chabo,-1.4000000000000001,-0.2,1,V4,5,0.5022691,5,layer1.0,3,0.3127634280145448
72,Chabo_L_P_1_5,P,5,L,V4,Chabo,-1.4000000000000001,0.2,1,V4,6,0.45661438,6,layer1.0,3,0.23995359758886914
73,Chabo_L_P_1_9,P,9,L,V4,Chabo,-1.4000000000000001,1.8,1,V4,7,0.38636193,7,layer1.0,3,0.49472366007229907
74,Chabo_L_P_2_0,P,0,L,V4,Chabo,-1.0,-1.8,2,V4,8,0.36999488,8,layer1.0,3,0.26810184165692
75,Chabo_L_P_2_1,P,1,L,V4,Chabo,-1.0,-1.4000000000000001,2,V4,9,0.30207703,9,layer1.0,3,0.1373036275759697
76,Chabo_L_P_2_4,P,4,L,V4,Chabo,-1.0,-0.2,2,V4,10,0.25871778,10,layer1.0,3,0.240110609472438
77,Chabo_L_P_2_6,P,6,L,V4,Chabo,-1.0,0.6000000000000001,2,V4,11,0.23354065,11,layer1.0,3,0.22735330272428944
78,Chabo_L_P_2_7,P,7,L,V4,Chabo,-1.0,1.0,2,V4,12,0.2148396,12,layer1.0,3,0.26396686500028155
79,Chabo_L_P_2_8,P,8,L,V4,Chabo,-1.0,1.4000000000000001,2,V4,13,0.20041782,13,layer1.0,3,0.2354318583421091
80,Chabo_L_P_2_9,P,9,L,V4,Chabo,-1.0,1.8,2,V4,14,0.1797199,14,layer1.0,3,0.05279768572689697
81,Chabo_L_P_3_0,P,0,L,V4,Chabo,-0.6000000000000001,-1.8,3,V4,15,0.16179065,15,layer1.0,3,0.19151536171118022
82,Chabo_L_P_3_1,P,1,L,V4,Chabo,-0.6000000000000001,-1.4000000000000001,3,V4,16,0.14348383,16,layer1.0,3,0.22914613764087985
83,Chabo_L_P_3_5,P,5,L,V4,Chabo,-0.6000000000000001,0.2,3,V4,17,0.120257586,19,layer1.0,3,0.1620352183193669
84,Chabo_L_P_3_7,P,7,L,V4,Chabo,-0.6000000000000001,1.0,3,V4,18,0.11258666,20,layer1.0,3,-0.0013279312015780486
85,Chabo_L_P_3_9,P,9,L,V4,Chabo,-0.6000000000000001,1.8,3,V4,19,0.10354253,21,layer1.0,3,0.161340672697322
86,Chabo_L_P_4_2,P,2,L,V4,Chabo,-0.2,-1.0,4,V4,20,0.08750873,24,layer1.0,3,0.2213439741720414
87,Chabo_L_P_4_5,P,5,L,V4,Chabo,-0.2,0.2,4,V4,21,0.07274828,26,layer1.0,3,0.20955253877066787
88,Chabo_L_P_0_2,P,2,L,V4,Chabo,-1.8,-1.0,0,V4,0,5.880707,0,layer1.0,4,0.6460572417260129
89,Chabo_L_P_0_3,P,3,L,V4,Chabo,-1.8,-0.6000000000000001,0,V4,1,1.9804419,1,layer1.0,4,0.5822475220305954
90,Chabo_L_P_0_6,P,6,L,V4,Chabo,-1.8,0.6000000000000001,0,V4,2,1.1559918,2,layer1.0,4,0.6019844691709659
91,Chabo_L_P_1_0,P,0,L,V4,Chabo,-1.4000000000000001,-1.8,1,V4,3,0.90416205,3,layer1.0,4,0.37609378127234727
92,Chabo_L_P_1_2,P,2,L,V4,Chabo,-1.4000000000000001,-1.0,1,V4,4,0.6592647,4,layer1.0,4,0.2002893307496334
93,Chabo_L_P_1_4,P,4,L,V4,Chabo,-1.4000000000000001,-0.2,1,V4,5,0.5022691,5,layer1.0,4,0.25247084814855836
94,Chabo_L_P_1_5,P,5,L,V4,Chabo,-1.4000000000000001,0.2,1,V4,6,0.45661438,6,layer1.0,4,0.24256632692089536
95,Chabo_L_P_1_9,P,9,L,V4,Chabo,-1.4000000000000001,1.8,1,V4,7,0.38636193,7,layer1.0,4,0.4283354004404186
96,Chabo_L_P_2_0,P,0,L,V4,Chabo,-1.0,-1.8,2,V4,8,0.36999488,8,layer1.0,4,0.2688129981438744
97,Chabo_L_P_2_1,P,1,L,V4,Chabo,-1.0,-1.4000000000000001,2,V4,9,0.30207703,9,layer1.0,4,0.14375565357654854
98,Chabo_L_P_2_4,P,4,L,V4,Chabo,-1.0,-0.2,2,V4,10,0.25871778,10,layer1.0,4,0.25972781355655583
99,Chabo_L_P_2_6,P,6,L,V4,Chabo,-1.0,0.6000000000000001,2,V4,11,0.23354065,11,layer1.0,4,0.1883401580045733
100,Chabo_L_P_2_7,P,7,L,V4,Chabo,-1.0,1.0,2,V4,12,0.2148396,12,layer1.0,4,0.19311197168200978
101,Chabo_L_P_2_8,P,8,L,V4,Chabo,-1.0,1.4000000000000001,2,V4,13,0.20041782,13,layer1.0,4,0.2084570299626643
102,Chabo_L_P_2_9,P,9,L,V4,Chabo,-1.0,1.8,2,V4,14,0.1797199,14,layer1.0,4,0.1241198901145603
103,Chabo_L_P_3_0,P,0,L,V4,Chabo,-0.6000000000000001,-1.8,3,V4,15,0.16179065,15,layer1.0,4,0.12608504269985785
104,Chabo_L_P_3_1,P,1,L,V4,Chabo,-0.6000000000000001,-1.4000000000000001,3,V4,16,0.14348383,16,layer1.0,4,0.18081663479659604
105,Chabo_L_P_3_5,P,5,L,V4,Chabo,-0.6000000000000001,0.2,3,V4,17,0.120257586,19,layer1.0,4,0.16700855643798457
106,Chabo_L_P_3_7,P,7,L,V4,Chabo,-0.6000000000000001,1.0,3,V4,18,0.11258666,20,layer1.0,4,0.1279249250780654
107,Chabo_L_P_3_9,P,9,L,V4,Chabo,-0.6000000000000001,1.8,3,V4,19,0.10354253,21,layer1.0,4,0.025754584769764253
108,Chabo_L_P_4_2,P,2,L,V4,Chabo,-0.2,-1.0,4,V4,20,0.08750873,24,layer1.0,4,0.2005385324955104
109,Chabo_L_P_4_5,P,5,L,V4,Chabo,-0.2,0.2,4,V4,21,0.07274828,26,layer1.0,4,0.046124542503240905
110,Chabo_L_P_0_2,P,2,L,V4,Chabo,-1.8,-1.0,0,V4,0,5.880707,0,layer1.0,5,0.7288223576604643
111,Chabo_L_P_0_3,P,3,L,V4,Chabo,-1.8,-0.6000000000000001,0,V4,1,1.9804419,1,layer1.0,5,0.5746552307844128
112,Chabo_L_P_0_6,P,6,L,V4,Chabo,-1.8,0.6000000000000001,0,V4,2,1.1559918,2,layer1.0,5,0.5708777998297789
113,Chabo_L_P_1_0,P,0,L,V4,Chabo,-1.4000000000000001,-1.8,1,V4,3,0.90416205,3,layer1.0,5,0.35467145754803664
114,Chabo_L_P_1_2,P,2,L,V4,Chabo,-1.4000000000000001,-1.0,1,V4,4,0.6592647,4,layer1.0,5,0.12321014780239418
115,Chabo_L_P_1_4,P,4,L,V4,Chabo,-1.4000000000000001,-0.2,1,V4,5,0.5022691,5,layer1.0,5,0.25459025367617005
116,Chabo_L_P_1_5,P,5,L,V4,Chabo,-1.4000000000000001,0.2,1,V4,6,0.45661438,6,layer1.0,5,0.2236742265254052
117,Chabo_L_P_1_9,P,9,L,V4,Chabo,-1.4000000000000001,1.8,1,V4,7,0.38636193,7,layer1.0,5,0.46967517723552726
118,Chabo_L_P_2_0,P,0,L,V4,Chabo,-1.0,-1.8,2,V4,8,0.36999488,8,layer1.0,5,0.2683663967525811
119,Chabo_L_P_2_1,P,1,L,V4,Chabo,-1.0,-1.4000000000000001,2,V4,9,0.30207703,9,layer1.0,5,0.09850938141011528
120,Chabo_L_P_2_4,P,4,L,V4,Chabo,-1.0,-0.2,2,V4,10,0.25871778,10,layer1.0,5,0.28659269461777903
121,Chabo_L_P_2_6,P,6,L,V4,Chabo,-1.0,0.6000000000000001,2,V4,11,0.23354065,11,layer1.0,5,0.19581508404754597
122,Chabo_L_P_2_7,P,7,L,V4,Chabo,-1.0,1.0,2,V4,12,0.2148396,12,layer1.0,5,0.2589909388550158
123,Chabo_L_P_2_8,P,8,L,V4,Chabo,-1.0,1.4000000000000001,2,V4,13,0.20041782,13,layer1.0,5,0.35159516583995726
124,Chabo_L_P_2_9,P,9,L,V4,Chabo,-1.0,1.8,2,V4,14,0.1797199,14,layer1.0,5,0.12530404480592933
125,Chabo_L_P_3_0,P,0,L,V4,Chabo,-0.6000000000000001,-1.8,3,V4,15,0.16179065,15,layer1.0,5,0.2090582396414278
126,Chabo_L_P_3_1,P,1,L,V4,Chabo,-0.6000000000000001,-1.4000000000000001,3,V4,16,0.14348383,16,layer1.0,5,0.23855275798968018
127,Chabo_L_P_3_5,P,5,L,V4,Chabo,-0.6000000000000001,0.2,3,V4,17,0.120257586,19,layer1.0,5,0.14920801450965954
128,Chabo_L_P_3_7,P,7,L,V4,Chabo,-0.6000000000000001,1.0,3,V4,18,0.11258666,20,layer1.0,5,0.05905426562216824
129,Chabo_L_P_3_9,P,9,L,V4,Chabo,-0.6000000000000001,1.8,3,V4,19,0.10354253,21,layer1.0,5,0.09973152202871627
130,Chabo_L_P_4_2,P,2,L,V4,Chabo,-0.2,-1.0,4,V4,20,0.08750873,24,layer1.0,5,0.12884199221694773
131,Chabo_L_P_4_5,P,5,L,V4,Chabo,-0.2,0.2,4,V4,21,0.07274828,26,layer1.0,5,0.26798919011642586
132,Chabo_L_P_0_2,P,2,L,V4,Chabo,-1.8,-1.0,0,V4,0,5.880707,0,layer1.0,6,0.7345961439877559
133,Chabo_L_P_0_3,P,3,L,V4,Chabo,-1.8,-0.6000000000000001,0,V4,1,1.9804419,1,layer1.0,6,0.6048083007414039
134,Chabo_L_P_0_6,P,6,L,V4,Chabo,-1.8,0.6000000000000001,0,V4,2,1.1559918,2,layer1.0,6,0.6184262538048741
135,Chabo_L_P_1_0,P,0,L,V4,Chabo,-1.4000000000000001,-1.8,1,V4,3,0.90416205,3,layer1.0,6,0.35848881743392197
136,Chabo_L_P_1_2,P,2,L,V4,Chabo,-1.4000000000000001,-1.0,1,V4,4,0.6592647,4,layer1.0,6,0.17887715438506183
137,Chabo_L_P_1_4,P,4,L,V4,Chabo,-1.4000000000000001,-0.2,1,V4,5,0.5022691,5,layer1.0,6,0.3170975278403434
138,Chabo_L_P_1_5,P,5,L,V4,Chabo,-1.4000000000000001,0.2,1,V4,6,0.45661438,6,layer1.0,6,0.28205004971903586
139,Chabo_L_P_1_9,P,9,L,V4,Chabo,-1.4000000000000001,1.8,1,V4,7,0.38636193,7,layer1.0,6,0.3749754235642729
140,Chabo_L_P_2_0,P,0,L,V4,Chabo,-1.0,-1.8,2,V4,8,0.36999488,8,layer1.0,6,0.21210550242727583
141,Chabo_L_P_2_1,P,1,L,V4,Chabo,-1.0,-1.4000000000000001,2,V4,9,0.30207703,9,layer1.0,6,0.08298888330573799
142,Chabo_L_P_2_4,P,4,L,V4,Chabo,-1.0,-0.2,2,V4,10,0.25871778,10,layer1.0,6,0.19093735248241692
143,Chabo_L_P_2_6,P,6,L,V4,Chabo,-1.0,0.6000000000000001,2,V4,11,0.23354065,11,layer1.0,6,0.20539385866717758
144,Chabo_L_P_2_7,P,7,L,V4,Chabo,-1.0,1.0,2,V4,12,0.2148396,12,layer1.0,6,0.1610951543797679
145,Chabo_L_P_2_8,P,8,L,V4,Chabo,-1.0,1.4000000000000001,2,V4,13,0.20041782,13,layer1.0,6,0.25083055669115983
146,Chabo_L_P_2_9,P,9,L,V4,Chabo,-1.0,1.8,2,V4,14,0.1797199,14,layer1.0,6,0.167384972588196
147,Chabo_L_P_3_0,P,0,L,V4,Chabo,-0.6000000000000001,-1.8,3,V4,15,0.16179065,15,layer1.0,6,0.18188759311937658
148,Chabo_L_P_3_1,P,1,L,V4,Chabo,-0.6000000000000001,-1.4000000000000001,3,V4,16,0.14348383,16,layer1.0,6,0.2559764303134169
149,Chabo_L_P_3_5,P,5,L,V4,Chabo,-0.6000000000000001,0.2,3,V4,17,0.120257586,19,layer1.0,6,0.1540607906221345
150,Chabo_L_P_3_7,P,7,L,V4,Chabo,-0.6000000000000001,1.0,3,V4,18,0.11258666,20,layer1.0,6,0.09814361731185359
151,Chabo_L_P_3_9,P,9,L,V4,Chabo,-0.6000000000000001,1.8,3,V4,19,0.10354253,21,layer1.0,6,-0.04370278400646237
152,Chabo_L_P_4_2,P,2,L,V4,Chabo,-0.2,-1.0,4,V4,20,0.08750873,24,layer1.0,6,0.12420811229578434
153,Chabo_L_P_4_5,P,5,L,V4,Chabo,-0.2,0.2,4,V4,21,0.07274828,26,layer1.0,6,0.1595574532013882
154,Chabo_L_P_0_2,P,2,L,V4,Chabo,-1.8,-1.0,0,V4,0,5.880707,0,layer1.0,7,0.6947543419579321
155,Chabo_L_P_0_3,P,3,L,V4,Chabo,-1.8,-0.6000000000000001,0,V4,1,1.9804419,1,layer1.0,7,0.5166486845515842
156,Chabo_L_P_0_6,P,6,L,V4,Chabo,-1.8,0.6000000000000001,0,V4,2,1.1559918,2,layer1.0,7,0.5644231080959289
157,Chabo_L_P_1_0,P,0,L,V4,Chabo,-1.4000000000000001,-1.8,1,V4,3,0.90416205,3,layer1.0,7,0.33011456334639266
158,Chabo_L_P_1_2,P,2,L,V4,Chabo,-1.4000000000000001,-1.0,1,V4,4,0.6592647,4,layer1.0,7,0.07887928753459675
159,Chabo_L_P_1_4,P,4,L,V4,Chabo,-1.4000000000000001,-0.2,1,V4,5,0.5022691,5,layer1.0,7,0.35259542305510694
160,Chabo_L_P_1_5,P,5,L,V4,Chabo,-1.4000000000000001,0.2,1,V4,6,0.45661438,6,layer1.0,7,0.2540128631692338
161,Chabo_L_P_1_9,P,9,L,V4,Chabo,-1.4000000000000001,1.8,1,V4,7,0.38636193,7,layer1.0,7,0.493204806562432
162,Chabo_L_P_2_0,P,0,L,V4,Chabo,-1.0,-1.8,2,V4,8,0.36999488,8,layer1.0,7,0.18079473400513996
163,Chabo_L_P_2_1,P,1,L,V4,Chabo,-1.0,-1.4000000000000001,2,V4,9,0.30207703,9,layer1.0,7,0.08619247804473275
164,Chabo_L_P_2_4,P,4,L,V4,Chabo,-1.0,-0.2,2,V4,10,0.25871778,10,layer1.0,7,0.24422596109903294
165,Chabo_L_P_2_6,P,6,L,V4,Chabo,-1.0,0.6000000000000001,2,V4,11,0.23354065,11,layer1.0,7,0.21774042500367252
166,Chabo_L_P_2_7,P,7,L,V4,Chabo,-1.0,1.0,2,V4,12,0.2148396,12,layer1.0,7,0.18145984169699397
167,Chabo_L_P_2_8,P,8,L,V4,Chabo,-1.0,1.4000000000000001,2,V4,13,0.20041782,13,layer1.0,7,0.2859456543631398
168,Chabo_L_P_2_9,P,9,L,V4,Chabo,-1.0,1.8,2,V4,14,0.1797199,14,layer1.0,7,0.1597568559339909
169,Chabo_L_P_3_0,P,0,L,V4,Chabo,-0.6000000000000001,-1.8,3,V4,15,0.16179065,15,layer1.0,7,0.2700220514300012
170,Chabo_L_P_3_1,P,1,L,V4,Chabo,-0.6000000000000001,-1.4000000000000001,3,V4,16,0.14348383,16,layer1.0,7,0.26292622123625764
171,Chabo_L_P_3_5,P,5,L,V4,Chabo,-0.6000000000000001,0.2,3,V4,17,0.120257586,19,layer1.0,7,0.08942493048677935
172,Chabo_L_P_3_7,P,7,L,V4,Chabo,-0.6000000000000001,1.0,3,V4,18,0.11258666,20,layer1.0,7,-0.07069976809214971
173,Chabo_L_P_3_9,P,9,L,V4,Chabo,-0.6000000000000001,1.8,3,V4,19,0.10354253,21,layer1.0,7,0.06499438457114015
174,Chabo_L_P_4_2,P,2,L,V4,Chabo,-0.2,-1.0,4,V4,20,0.08750873,24,layer1.0,7,0.11867261436085734
175,Chabo_L_P_4_5,P,5,L,V4,Chabo,-0.2,0.2,4,V4,21,0.07274828,26,layer1.0,7,0.09261021515744375
176,Chabo_L_P_0_2,P,2,L,V4,Chabo,-1.8,-1.0,0,V4,0,5.880707,0,layer1.0,8,0.7137349601925425
177,Chabo_L_P_0_3,P,3,L,V4,Chabo,-1.8,-0.6000000000000001,0,V4,1,1.9804419,1,layer1.0,8,0.5139039727297833
178,Chabo_L_P_0_6,P,6,L,V4,Chabo,-1.8,0.6000000000000001,0,V4,2,1.1559918,2,layer1.0,8,0.6392709612935679
179,Chabo_L_P_1_0,P,0,L,V4,Chabo,-1.4000000000000001,-1.8,1,V4,3,0.90416205,3,layer1.0,8,0.3712761788348773
180,Chabo_L_P_1_2,P,2,L,V4,Chabo,-1.4000000000000001,-1.0,1,V4,4,0.6592647,4,layer1.0,8,0.12633748378867604
181,Chabo_L_P_1_4,P,4,L,V4,Chabo,-1.4000000000000001,-0.2,1,V4,5,0.5022691,5,layer1.0,8,0.3247059403823338
182,Chabo_L_P_1_5,P,5,L,V4,Chabo,-1.4000000000000001,0.2,1,V4,6,0.45661438,6,layer1.0,8,0.2983099999229005
183,Chabo_L_P_1_9,P,9,L,V4,Chabo,-1.4000000000000001,1.8,1,V4,7,0.38636193,7,layer1.0,8,0.3778379593002176
184,Chabo_L_P_2_0,P,0,L,V4,Chabo,-1.0,-1.8,2,V4,8,0.36999488,8,layer1.0,8,0.2221851839218341
185,Chabo_L_P_2_1,P,1,L,V4,Chabo,-1.0,-1.4000000000000001,2,V4,9,0.30207703,9,layer1.0,8,0.1587512420910886
186,Chabo_L_P_2_4,P,4,L,V4,Chabo,-1.0,-0.2,2,V4,10,0.25871778,10,layer1.0,8,0.309311782311709
187,Chabo_L_P_2_6,P,6,L,V4,Chabo,-1.0,0.6000000000000001,2,V4,11,0.23354065,11,layer1.0,8,0.31395269954847793
188,Chabo_L_P_2_7,P,7,L,V4,Chabo,-1.0,1.0,2,V4,12,0.2148396,12,layer1.0,8,0.2533951460736562
189,Chabo_L_P_2_8,P,8,L,V4,Chabo,-1.0,1.4000000000000001,2,V4,13,0.20041782,13,layer1.0,8,0.21390590654289254
190,Chabo_L_P_2_9,P,9,L,V4,Chabo,-1.0,1.8,2,V4,14,0.1797199,14,layer1.0,8,0.19711105788598904
191,Chabo_L_P_3_0,P,0,L,V4,Chabo,-0.6000000000000001,-1.8,3,V4,15,0.16179065,15,layer1.0,8,0.2482001408250778
192,Chabo_L_P_3_1,P,1,L,V4,Chabo,-0.6000000000000001,-1.4000000000000001,3,V4,16,0.14348383,16,layer1.0,8,0.16305343815088885
193,Chabo_L_P_3_5,P,5,L,V4,Chabo,-0.6000000000000001,0.2,3,V4,17,0.120257586,19,layer1.0,8,0.13457322193130333
194,Chabo_L_P_3_7,P,7,L,V4,Chabo,-0.6000000000000001,1.0,3,V4,18,0.11258666,20,layer1.0,8,0.10511824465248286
195,Chabo_L_P_3_9,P,9,L,V4,Chabo,-0.6000000000000001,1.8,3,V4,19,0.10354253,21,layer1.0,8,0.09265549436475576
196,Chabo_L_P_4_2,P,2,L,V4,Chabo,-0.2,-1.0,4,V4,20,0.08750873,24,layer1.0,8,0.11472349298071903
197,Chabo_L_P_4_5,P,5,L,V4,Chabo,-0.2,0.2,4,V4,21,0.07274828,26,layer1.0,8,0.09454802049257592
198,Chabo_L_P_0_2,P,2,L,V4,Chabo,-1.8,-1.0,0,V4,0,5.880707,0,layer1.0,9,0.7233808342738091
199,Chabo_L_P_0_3,P,3,L,V4,Chabo,-1.8,-0.6000000000000001,0,V4,1,1.9804419,1,layer1.0,9,0.5601341288807901
200,Chabo_L_P_0_6,P,6,L,V4,Chabo,-1.8,0.6000000000000001,0,V4,2,1.1559918,2,layer1.0,9,0.5517600494758643
201,Chabo_L_P_1_0,P,0,L,V4,Chabo,-1.4000000000000001,-1.8,1,V4,3,0.90416205,3,layer1.0,9,0.3786266532718864
202,Chabo_L_P_1_2,P,2,L,V4,Chabo,-1.4000000000000001,-1.0,1,V4,4,0.6592647,4,layer1.0,9,0.11468080864904574
203,Chabo_L_P_1_4,P,4,L,V4,Chabo,-1.4000000000000001,-0.2,1,V4,5,0.5022691,5,layer1.0,9,0.38335013564069503
204,Chabo_L_P_1_5,P,5,L,V4,Chabo,-1.4000000000000001,0.2,1,V4,6,0.45661438,6,layer1.0,9,0.3038396942742546
205,Chabo_L_P_1_9,P,9,L,V4,Chabo,-1.4000000000000001,1.8,1,V4,7,0.38636193,7,layer1.0,9,0.4449019157820247
206,Chabo_L_P_2_0,P,0,L,V4,Chabo,-1.0,-1.8,2,V4,8,0.36999488,8,layer1.0,9,0.15878603823780832
207,Chabo_L_P_2_1,P,1,L,V4,Chabo,-1.0,-1.4000000000000001,2,V4,9,0.30207703,9,layer1.0,9,0.16208141290700223
208,Chabo_L_P_2_4,P,4,L,V4,Chabo,-1.0,-0.2,2,V4,10,0.25871778,10,layer1.0,9,0.26713057815080904
209,Chabo_L_P_2_6,P,6,L,V4,Chabo,-1.0,0.6000000000000001,2,V4,11,0.23354065,11,layer1.0,9,0.17965799600765403
210,Chabo_L_P_2_7,P,7,L,V4,Chabo,-1.0,1.0,2,V4,12,0.2148396,12,layer1.0,9,0.30454172004075664
211,Chabo_L_P_2_8,P,8,L,V4,Chabo,-1.0,1.4000000000000001,2,V4,13,0.20041782,13,layer1.0,9,0.32484233171347643
212,Chabo_L_P_2_9,P,9,L,V4,Chabo,-1.0,1.8,2,V4,14,0.1797199,14,layer1.0,9,0.0773983031023997
213,Chabo_L_P_3_0,P,0,L,V4,Chabo,-0.6000000000000001,-1.8,3,V4,15,0.16179065,15,layer1.0,9,0.14266758769506593
214,Chabo_L_P_3_1,P,1,L,V4,Chabo,-0.6000000000000001,-1.4000000000000001,3,V4,16,0.14348383,16,layer1.0,9,0.2183877626932199
215,Chabo_L_P_3_5,P,5,L,V4,Chabo,-0.6000000000000001,0.2,3,V4,17,0.120257586,19,layer1.0,9,0.21180635092391117
216,Chabo_L_P_3_7,P,7,L,V4,Chabo,-0.6000000000000001,1.0,3,V4,18,0.11258666,20,layer1.0,9,0.03947729536413741
217,Chabo_L_P_3_9,P,9,L,V4,Chabo,-0.6000000000000001,1.8,3,V4,19,0.10354253,21,layer1.0,9,0.09254410989934309
218,Chabo_L_P_4_2,P,2,L,V4,Chabo,-0.2,-1.0,4,V4,20,0.08750873,24,layer1.0,9,0.1855363188685588
219,Chabo_L_P_4_5,P,5,L,V4,Chabo,-0.2,0.2,4,V4,21,0.07274828,26,layer1.0,9,0.11074278303663748
220,Chabo_L_P_0_2,P,2,L,V4,Chabo,-1.8,-1.0,0,V4,0,5.880707,0,layer2.0,0,0.6814061464336116
221,Chabo_L_P_0_3,P,3,L,V4,Chabo,-1.8,-0.6000000000000001,0,V4,1,1.9804419,1,layer2.0,0,0.5473919950046007
222,Chabo_L_P_0_6,P,6,L,V4,Chabo,-1.8,0.6000000000000001,0,V4,2,1.1559918,2,layer2.0,0,0.5096586000728318
223,Chabo_L_P_1_0,P,0,L,V4,Chabo,-1.4000000000000001,-1.8,1,V4,3,0.90416205,3,layer2.0,0,0.28179318407007814
224,Chabo_L_P_1_2,P,2,L,V4,Chabo,-1.4000000000000001,-1.0,1,V4,4,0.6592647,4,layer2.0,0,0.16749375236097813
225,Chabo_L_P_1_4,P,4,L,V4,Chabo,-1.4000000000000001,-0.2,1,V4,5,0.5022691,5,layer2.0,0,0.3047737052609766
226,Chabo_L_P_1_5,P,5,L,V4,Chabo,-1.4000000000000001,0.2,1,V4,6,0.45661438,6,layer2.0,0,0.12024184022185175
227,Chabo_L_P_1_9,P,9,L,V4,Chabo,-1.4000000000000001,1.8,1,V4,7,0.38636193,7,layer2.0,0,0.43204085645670187
228,Chabo_L_P_2_0,P,0,L,V4,Chabo,-1.0,-1.8,2,V4,8,0.36999488,8,layer2.0,0,0.20458701510082922
229,Chabo_L_P_2_1,P,1,L,V4,Chabo,-1.0,-1.4000000000000001,2,V4,9,0.30207703,9,layer2.0,0,0.11341662993188123
230,Chabo_L_P_2_4,P,4,L,V4,Chabo,-1.0,-0.2,2,V4,10,0.25871778,10,layer2.0,0,0.26670224540305737
231,Chabo_L_P_2_6,P,6,L,V4,Chabo,-1.0,0.6000000000000001,2,V4,11,0.23354065,11,layer2.0,0,0.22520865106010396
232,Chabo_L_P_2_7,P,7,L,V4,Chabo,-1.0,1.0,2,V4,12,0.2148396,12,layer2.0,0,0.19553778289092205
233,Chabo_L_P_2_8,P,8,L,V4,Chabo,-1.0,1.4000000000000001,2,V4,13,0.20041782,13,layer2.0,0,0.2461767715036095
234,Chabo_L_P_2_9,P,9,L,V4,Chabo,-1.0,1.8,2,V4,14,0.1797199,14,layer2.0,0,0.08457985566424991
235,Chabo_L_P_3_0,P,0,L,V4,Chabo,-0.6000000000000001,-1.8,3,V4,15,0.16179065,15,layer2.0,0,0.20743763887272698
236,Chabo_L_P_3_1,P,1,L,V4,Chabo,-0.6000000000000001,-1.4000000000000001,3,V4,16,0.14348383,16,layer2.0,0,0.21282106761979383
237,Chabo_L_P_3_5,P,5,L,V4,Chabo,-0.6000000000000001,0.2,3,V4,17,0.120257586,19,layer2.0,0,0.1870319786844734
238,Chabo_L_P_3_7,P,7,L,V4,Chabo,-0.6000000000000001,1.0,3,V4,18,0.11258666,20,layer2.0,0,0.15568405827572224
239,Chabo_L_P_3_9,P,9,L,V4,Chabo,-0.6000000000000001,1.8,3,V4,19,0.10354253,21,layer2.0,0,0.0908149311350483
240,Chabo_L_P_4_2,P,2,L,V4,Chabo,-0.2,-1.0,4,V4,20,0.08750873,24,layer2.0,0,0.13511765808004314
241,Chabo_L_P_4_5,P,5,L,V4,Chabo,-0.2,0.2,4,V4,21,0.07274828,26,layer2.0,0,0.15914773370186863
242,Chabo_L_P_0_2,P,2,L,V4,Chabo,-1.8,-1.0,0,V4,0,5.880707,0,layer2.0,1,0.7122165903787254
243,Chabo_L_P_0_3,P,3,L,V4,Chabo,-1.8,-0.6000000000000001,0,V4,1,1.9804419,1,layer2.0,1,0.5467137383011994
244,Chabo_L_P_0_6,P,6,L,V4,Chabo,-1.8,0.6000000000000001,0,V4,2,1.1559918,2,layer2.0,1,0.49264668069666445
245,Chabo_L_P_1_0,P,0,L,V4,Chabo,-1.4000000000000001,-1.8,1,V4,3,0.90416205,3,layer2.0,1,0.39431942572665807
246,Chabo_L_P_1_2,P,2,L,V4,Chabo,-1.4000000000000001,-1.0,1,V4,4,0.6592647,4,layer2.0,1,0.10849104592683272
247,Chabo_L_P_1_4,P,4,L,V4,Chabo,-1.4000000000000001,-0.2,1,V4,5,0.5022691,5,layer2.0,1,0.36884988030492216
248,Chabo_L_P_1_5,P,5,L,V4,Chabo,-1.4000000000000001,0.2,1,V4,6,0.45661438,6,layer2.0,1,0.17591090114014557
249,Chabo_L_P_1_9,P,9,L,V4,Chabo,-1.4000000000000001,1.8,1,V4,7,0.38636193,7,layer2.0,1,0.40918975007046143
250,Chabo_L_P_2_0,P,0,L,V4,Chabo,-1.0,-1.8,2,V4,8,0.36999488,8,layer2.0,1,0.16294396244873383
251,Chabo_L_P_2_1,P,1,L,V4,Chabo,-1.0,-1.4000000000000001,2,V4,9,0.30207703,9,layer2.0,1,0.0432409897236956
252,Chabo_L_P_2_4,P,4,L,V4,Chabo,-1.0,-0.2,2,V4,10,0.25871778,10,layer2.0,1,0.13080899042879124
253,Chabo_L_P_2_6,P,6,L,V4,Chabo,-1.0,0.6000000000000001,2,V4,11,0.23354065,11,layer2.0,1,0.2444704760050757
254,Chabo_L_P_2_7,P,7,L,V4,Chabo,-1.0,1.0,2,V4,12,0.2148396,12,layer2.0,1,0.1435192725315682
255,Chabo_L_P_2_8,P,8,L,V4,Chabo,-1.0,1.4000000000000001,2,V4,13,0.20041782,13,layer2.0,1,0.28114486918550863
256,Chabo_L_P_2_9,P,9,L,V4,Chabo,-1.0,1.8,2,V4,14,0.1797199,14,layer2.0,1,0.08545265800960505
257,Chabo_L_P_3_0,P,0,L,V4,Chabo,-0.6000000000000001,-1.8,3,V4,15,0.16179065,15,layer2.0,1,0.10252301401072637
258,Chabo_L_P_3_1,P,1,L,V4,Chabo,-0.6000000000000001,-1.4000000000000001,3,V4,16,0.14348383,16,layer2.0,1,0.20774176869820596
259,Chabo_L_P_3_5,P,5,L,V4,Chabo,-0.6000000000000001,0.2,3,V4,17,0.120257586,19,layer2.0,1,0.06978717443189165
260,Chabo_L_P_3_7,P,7,L,V4,Chabo,-0.6000000000000001,1.0,3,V4,18,0.11258666,20,layer2.0,1,0.03178108586863597
261,Chabo_L_P_3_9,P,9,L,V4,Chabo,-0.6000000000000001,1.8,3,V4,19,0.10354253,21,layer2.0,1,0.1413073805790032
262,Chabo_L_P_4_2,P,2,L,V4,Chabo,-0.2,-1.0,4,V4,20,0.08750873,24,layer2.0,1,0.1318329410702613
263,Chabo_L_P_4_5,P,5,L,V4,Chabo,-0.2,0.2,4,V4,21,0.07274828,26,layer2.0,1,0.11348820674632927
264,Chabo_L_P_0_2,P,2,L,V4,Chabo,-1.8,-1.0,0,V4,0,5.880707,0,layer2.0,2,0.6938514159793056
265,Chabo_L_P_0_3,P,3,L,V4,Chabo,-1.8,-0.6000000000000001,0,V4,1,1.9804419,1,layer2.0,2,0.6463251943292199
266,Chabo_L_P_0_6,P,6,L,V4,Chabo,-1.8,0.6000000000000001,0,V4,2,1.1559918,2,layer2.0,2,0.43951035076559136
267,Chabo_L_P_1_0,P,0,L,V4,Chabo,-1.4000000000000001,-1.8,1,V4,3,0.90416205,3,layer2.0,2,0.29186661708690725
268,Chabo_L_P_1_2,P,2,L,V4,Chabo,-1.4000000000000001,-1.0,1,V4,4,0.6592647,4,layer2.0,2,0.09272371931174361
269,Chabo_L_P_1_4,P,4,L,V4,Chabo,-1.4000000000000001,-0.2,1,V4,5,0.5022691,5,layer2.0,2,0.3011908244146543
270,Chabo_L_P_1_5,P,5,L,V4,Chabo,-1.4000000000000001,0.2,1,V4,6,0.45661438,6,layer2.0,2,0.19088223418750733
271,Chabo_L_P_1_9,P,9,L,V4,Chabo,-1.4000000000000001,1.8,1,V4,7,0.38636193,7,layer2.0,2,0.4329599026709249
272,Chabo_L_P_2_0,P,0,L,V4,Chabo,-1.0,-1.8,2,V4,8,0.36999488,8,layer2.0,2,0.23226840597096646
273,Chabo_L_P_2_1,P,1,L,V4,Chabo,-1.0,-1.4000000000000001,2,V4,9,0.30207703,9,layer2.0,2,0.1361011364382647
274,Chabo_L_P_2_4,P,4,L,V4,Chabo,-1.0,-0.2,2,V4,10,0.25871778,10,layer2.0,2,0.1751442456098715
275,Chabo_L_P_2_6,P,6,L,V4,Chabo,-1.0,0.6000000000000001,2,V4,11,0.23354065,11,layer2.0,2,0.218302132899512
276,Chabo_L_P_2_7,P,7,L,V4,Chabo,-1.0,1.0,2,V4,12,0.2148396,12,layer2.0,2,0.14490374415734583
277,Chabo_L_P_2_8,P,8,L,V4,Chabo,-1.0,1.4000000000000001,2,V4,13,0.20041782,13,layer2.0,2,0.2860691166044035
278,Chabo_L_P_2_9,P,9,L,V4,Chabo,-1.0,1.8,2,V4,14,0.1797199,14,layer2.0,2,0.18344970490151158
279,Chabo_L_P_3_0,P,0,L,V4,Chabo,-0.6000000000000001,-1.8,3,V4,15,0.16179065,15,layer2.0,2,0.26386935613234297
280,Chabo_L_P_3_1,P,1,L,V4,Chabo,-0.6000000000000001,-1.4000000000000001,3,V4,16,0.14348383,16,layer2.0,2,0.2744465461673352
281,Chabo_L_P_3_5,P,5,L,V4,Chabo,-0.6000000000000001,0.2,3,V4,17,0.120257586,19,layer2.0,2,0.0947498460437192
282,Chabo_L_P_3_7,P,7,L,V4,Chabo,-0.6000000000000001,1.0,3,V4,18,0.11258666,20,layer2.0,2,-0.014910825967108549
283,Chabo_L_P_3_9,P,9,L,V4,Chabo,-0.6000000000000001,1.8,3,V4,19,0.10354253,21,layer2.0,2,0.1759631065172251
284,Chabo_L_P_4_2,P,2,L,V4,Chabo,-0.2,-1.0,4,V4,20,0.08750873,24,layer2.0,2,0.12381695970562923
285,Chabo_L_P_4_5,P,5,L,V4,Chabo,-0.2,0.2,4,V4,21,0.07274828,26,layer2.0,2,-0.013937072413464476
286,Chabo_L_P_0_2,P,2,L,V4,Chabo,-1.8,-1.0,0,V4,0,5.880707,0,layer2.0,3,0.6939414236142545
287,Chabo_L_P_0_3,P,3,L,V4,Chabo,-1.8,-0.6000000000000001,0,V4,1,1.9804419,1,layer2.0,3,0.5527362713232821
288,Chabo_L_P_0_6,P,6,L,V4,Chabo,-1.8,0.6000000000000001,0,V4,2,1.1559918,2,layer2.0,3,0.544659694436131
289,Chabo_L_P_1_0,P,0,L,V4,Chabo,-1.4000000000000001,-1.8,1,V4,3,0.90416205,3,layer2.0,3,0.256259333669665
290,Chabo_L_P_1_2,P,2,L,V4,Chabo,-1.4000000000000001,-1.0,1,V4,4,0.6592647,4,layer2.0,3,0.07093493530281139
291,Chabo_L_P_1_4,P,4,L,V4,Chabo,-1.4000000000000001,-0.2,1,V4,5,0.5022691,5,layer2.0,3,0.3026847692461725
292,Chabo_L_P_1_5,P,5,L,V4,Chabo,-1.4000000000000001,0.2,1,V4,6,0.45661438,6,layer2.0,3,0.18595160738727676
293,Chabo_L_P_1_9,P,9,L,V4,Chabo,-1.4000000000000001,1.8,1,V4,7,0.38636193,7,layer2.0,3,0.4491666479081845
294,Chabo_L_P_2_0,P,0,L,V4,Chabo,-1.0,-1.8,2,V4,8,0.36999488,8,layer2.0,3,0.31803591938737724
295,Chabo_L_P_2_1,P,1,L,V4,Chabo,-1.0,-1.4000000000000001,2,V4,9,0.30207703,9,layer2.0,3,0.16852348733189754
296,Chabo_L_P_2_4,P,4,L,V4,Chabo,-1.0,-0.2,2,V4,10,0.25871778,10,layer2.0,3,0.25688898259928783
297,Chabo_L_P_2_6,P,6,L,V4,Chabo,-1.0,0.6000000000000001,2,V4,11,0.23354065,11,layer2.0,3,0.2312807669848346
298,Chabo_L_P_2_7,P,7,L,V4,Chabo,-1.0,1.0,2,V4,12,0.2148396,12,layer2.0,3,0.20530860534834472
299,Chabo_L_P_2_8,P,8,L,V4,Chabo,-1.0,1.4000000000000001,2,V4,13,0.20041782,13,layer2.0,3,0.2575411911790523
300,Chabo_L_P_2_9,P,9,L,V4,Chabo,-1.0,1.8,2,V4,14,0.1797199,14,layer2.0,3,0.04636732850589839
301,Chabo_L_P_3_0,P,0,L,V4,Chabo,-0.6000000000000001,-1.8,3,V4,15,0.16179065,15,layer2.0,3,0.15151131076320382
302,Chabo_L_P_3_1,P,1,L,V4,Chabo,-0.6000000000000001,-1.4000000000000001,3,V4,16,0.14348383,16,layer2.0,3,0.2174067860124692
303,Chabo_L_P_3_5,P,5,L,V4,Chabo,-0.6000000000000001,0.2,3,V4,17,0.120257586,19,layer2.0,3,0.1627295609613632
304,Chabo_L_P_3_7,P,7,L,V4,Chabo,-0.6000000000000001,1.0,3,V4,18,0.11258666,20,layer2.0,3,-0.011300796601003643
305,Chabo_L_P_3_9,P,9,L,V4,Chabo,-0.6000000000000001,1.8,3,V4,19,0.10354253,21,layer2.0,3,0.22434777778157736
306,Chabo_L_P_4_2,P,2,L,V4,Chabo,-0.2,-1.0,4,V4,20,0.08750873,24,layer2.0,3,0.23651004825913544
307,Chabo_L_P_4_5,P,5,L,V4,Chabo,-0.2,0.2,4,V4,21,0.07274828,26,layer2.0,3,0.16320847518799572
308,Chabo_L_P_0_2,P,2,L,V4,Chabo,-1.8,-1.0,0,V4,0,5.880707,0,layer2.0,4,0.6610344266493111
309,Chabo_L_P_0_3,P,3,L,V4,Chabo,-1.8,-0.6000000000000001,0,V4,1,1.9804419,1,layer2.0,4,0.5561282309858678
310,Chabo_L_P_0_6,P,6,L,V4,Chabo,-1.8,0.6000000000000001,0,V4,2,1.1559918,2,layer2.0,4,0.500548625600986
311,Chabo_L_P_1_0,P,0,L,V4,Chabo,-1.4000000000000001,-1.8,1,V4,3,0.90416205,3,layer2.0,4,0.3233780372228554
312,Chabo_L_P_1_2,P,2,L,V4,Chabo,-1.4000000000000001,-1.0,1,V4,4,0.6592647,4,layer2.0,4,0.1752650339741365
313,Chabo_L_P_1_4,P,4,L,V4,Chabo,-1.4000000000000001,-0.2,1,V4,5,0.5022691,5,layer2.0,4,0.25039901409640963
314,Chabo_L_P_1_5,P,5,L,V4,Chabo,-1.4000000000000001,0.2,1,V4,6,0.45661438,6,layer2.0,4,0.15570596553347105
315,Chabo_L_P_1_9,P,9,L,V4,Chabo,-1.4000000000000001,1.8,1,V4,7,0.38636193,7,layer2.0,4,0.4444798164289706
316,Chabo_L_P_2_0,P,0,L,V4,Chabo,-1.0,-1.8,2,V4,8,0.36999488,8,layer2.0,4,0.2652816379872106
317,Chabo_L_P_2_1,P,1,L,V4,Chabo,-1.0,-1.4000000000000001,2,V4,9,0.30207703,9,layer2.0,4,0.14943492025296856
318,Chabo_L_P_2_4,P,4,L,V4,Chabo,-1.0,-0.2,2,V4,10,0.25871778,10,layer2.0,4,0.25243116048440695
319,Chabo_L_P_2_6,P,6,L,V4,Chabo,-1.0,0.6000000000000001,2,V4,11,0.23354065,11,layer2.0,4,0.20284963400766454
320,Chabo_L_P_2_7,P,7,L,V4,Chabo,-1.0,1.0,2,V4,12,0.2148396,12,layer2.0,4,0.17429179330171343
321,Chabo_L_P_2_8,P,8,L,V4,Chabo,-1.0,1.4000000000000001,2,V4,13,0.20041782,13,layer2.0,4,0.25156476841234615
322,Chabo_L_P_2_9,P,9,L,V4,Chabo,-1.0,1.8,2,V4,14,0.1797199,14,layer2.0,4,0.12039980635639193
323,Chabo_L_P_3_0,P,0,L,V4,Chabo,-0.6000000000000001,-1.8,3,V4,15,0.16179065,15,layer2.0,4,0.11142802433386385
324,Chabo_L_P_3_1,P,1,L,V4,Chabo,-0.6000000000000001,-1.4000000000000001,3,V4,16,0.14348383,16,layer2.0,4,0.17773404718268462
325,Chabo_L_P_3_5,P,5,L,V4,Chabo,-0.6000000000000001,0.2,3,V4,17,0.120257586,19,layer2.0,4,0.22763222477489647
326,Chabo_L_P_3_7,P,7,L,V4,Chabo,-0.6000000000000001,1.0,3,V4,18,0.11258666,20,layer2.0,4,0.07843621961567948
327,Chabo_L_P_3_9,P,9,L,V4,Chabo,-0.6000000000000001,1.8,3,V4,19,0.10354253,21,layer2.0,4,0.05220236104645164
328,Chabo_L_P_4_2,P,2,L,V4,Chabo,-0.2,-1.0,4,V4,20,0.08750873,24,layer2.0,4,0.18635678893744162
329,Chabo_L_P_4_5,P,5,L,V4,Chabo,-0.2,0.2,4,V4,21,0.07274828,26,layer2.0,4,-0.01082188393302842
330,Chabo_L_P_0_2,P,2,L,V4,Chabo,-1.8,-1.0,0,V4,0,5.880707,0,layer2.0,5,0.7434575654029976
331,Chabo_L_P_0_3,P,3,L,V4,Chabo,-1.8,-0.6000000000000001,0,V4,1,1.9804419,1,layer2.0,5,0.5779457277881196
332,Chabo_L_P_0_6,P,6,L,V4,Chabo,-1.8,0.6000000000000001,0,V4,2,1.1559918,2,layer2.0,5,0.5192973397732741
333,Chabo_L_P_1_0,P,0,L,V4,Chabo,-1.4000000000000001,-1.8,1,V4,3,0.90416205,3,layer2.0,5,0.294284218835839
334,Chabo_L_P_1_2,P,2,L,V4,Chabo,-1.4000000000000001,-1.0,1,V4,4,0.6592647,4,layer2.0,5,0.13863246933089407
335,Chabo_L_P_1_4,P,4,L,V4,Chabo,-1.4000000000000001,-0.2,1,V4,5,0.5022691,5,layer2.0,5,0.22938334932077642
336,Chabo_L_P_1_5,P,5,L,V4,Chabo,-1.4000000000000001,0.2,1,V4,6,0.45661438,6,layer2.0,5,0.19255137631783517
337,Chabo_L_P_1_9,P,9,L,V4,Chabo,-1.4000000000000001,1.8,1,V4,7,0.38636193,7,layer2.0,5,0.45926736330735324
338,Chabo_L_P_2_0,P,0,L,V4,Chabo,-1.0,-1.8,2,V4,8,0.36999488,8,layer2.0,5,0.23777895147131484
339,Chabo_L_P_2_1,P,1,L,V4,Chabo,-1.0,-1.4000000000000001,2,V4,9,0.30207703,9,layer2.0,5,0.06497777034712035
340,Chabo_L_P_2_4,P,4,L,V4,Chabo,-1.0,-0.2,2,V4,10,0.25871778,10,layer2.0,5,0.3080709546749077
341,Chabo_L_P_2_6,P,6,L,V4,Chabo,-1.0,0.6000000000000001,2,V4,11,0.23354065,11,layer2.0,5,0.18551125064341817
342,Chabo_L_P_2_7,P,7,L,V4,Chabo,-1.0,1.0,2,V4,12,0.2148396,12,layer2.0,5,0.22740792051445516
343,Chabo_L_P_2_8,P,8,L,V4,Chabo,-1.0,1.4000000000000001,2,V4,13,0.20041782,13,layer2.0,5,0.38180455002911107
344,Chabo_L_P_2_9,P,9,L,V4,Chabo,-1.0,1.8,2,V4,14,0.1797199,14,layer2.0,5,0.13546738508871364
345,Chabo_L_P_3_0,P,0,L,V4,Chabo,-0.6000000000000001,-1.8,3,V4,15,0.16179065,15,layer2.0,5,0.18040422962649774
346,Chabo_L_P_3_1,P,1,L,V4,Chabo,-0.6000000000000001,-1.4000000000000001,3,V4,16,0.14348383,16,layer2.0,5,0.22230345024870052
347,Chabo_L_P_3_5,P,5,L,V4,Chabo,-0.6000000000000001,0.2,3,V4,17,0.120257586,19,layer2.0,5,0.12299738532919119
348,Chabo_L_P_3_7,P,7,L,V4,Chabo,-0.6000000000000001,1.0,3,V4,18,0.11258666,20,layer2.0,5,0.084061147676191
349,Chabo_L_P_3_9,P,9,L,V4,Chabo,-0.6000000000000001,1.8,3,V4,19,0.10354253,21,layer2.0,5,0.13893338890254886
350,Chabo_L_P_4_2,P,2,L,V4,Chabo,-0.2,-1.0,4,V4,20,0.08750873,24,layer2.0,5,0.11078982582805019
351,Chabo_L_P_4_5,P,5,L,V4,Chabo,-0.2,0.2,4,V4,21,0.07274828,26,layer2.0,5,0.25345317056840966
352,Chabo_L_P_0_2,P,2,L,V4,Chabo,-1.8,-1.0,0,V4,0,5.880707,0,layer2.0,6,0.7281340679483246
353,Chabo_L_P_0_3,P,3,L,V4,Chabo,-1.8,-0.6000000000000001,0,V4,1,1.9804419,1,layer2.0,6,0.5970492092153681
354,Chabo_L_P_0_6,P,6,L,V4,Chabo,-1.8,0.6000000000000001,0,V4,2,1.1559918,2,layer2.0,6,0.5375658021605765
355,Chabo_L_P_1_0,P,0,L,V4,Chabo,-1.4000000000000001,-1.8,1,V4,3,0.90416205,3,layer2.0,6,0.3476394538988796
356,Chabo_L_P_1_2,P,2,L,V4,Chabo,-1.4000000000000001,-1.0,1,V4,4,0.6592647,4,layer2.0,6,0.15452605821804788
357,Chabo_L_P_1_4,P,4,L,V4,Chabo,-1.4000000000000001,-0.2,1,V4,5,0.5022691,5,layer2.0,6,0.25356098826169793
358,Chabo_L_P_1_5,P,5,L,V4,Chabo,-1.4000000000000001,0.2,1,V4,6,0.45661438,6,layer2.0,6,0.23044515119199754
359,Chabo_L_P_1_9,P,9,L,V4,Chabo,-1.4000000000000001,1.8,1,V4,7,0.38636193,7,layer2.0,6,0.36526786279260637
360,Chabo_L_P_2_0,P,0,L,V4,Chabo,-1.0,-1.8,2,V4,8,0.36999488,8,layer2.0,6,0.2377901646460845
361,Chabo_L_P_2_1,P,1,L,V4,Chabo,-1.0,-1.4000000000000001,2,V4,9,0.30207703,9,layer2.0,6,0.12106034706064725
362,Chabo_L_P_2_4,P,4,L,V4,Chabo,-1.0,-0.2,2,V4,10,0.25871778,10,layer2.0,6,0.18329835123221605
363,Chabo_L_P_2_6,P,6,L,V4,Chabo,-1.0,0.6000000000000001,2,V4,11,0.23354065,11,layer2.0,6,0.19355383989451935
364,Chabo_L_P_2_7,P,7,L,V4,Chabo,-1.0,1.0,2,V4,12,0.2148396,12,layer2.0,6,0.13873077265600253
365,Chabo_L_P_2_8,P,8,L,V4,Chabo,-1.0,1.4000000000000001,2,V4,13,0.20041782,13,layer2.0,6,0.27275531224483085
366,Chabo_L_P_2_9,P,9,L,V4,Chabo,-1.0,1.8,2,V4,14,0.1797199,14,layer2.0,6,0.11761415805560045
367,Chabo_L_P_3_0,P,0,L,V4,Chabo,-0.6000000000000001,-1.8,3,V4,15,0.16179065,15,layer2.0,6,0.12685275664033108
368,Chabo_L_P_3_1,P,1,L,V4,Chabo,-0.6000000000000001,-1.4000000000000001,3,V4,16,0.14348383,16,layer2.0,6,0.2557568727760251
369,Chabo_L_P_3_5,P,5,L,V4,Chabo,-0.6000000000000001,0.2,3,V4,17,0.120257586,19,layer2.0,6,0.19081305999398235
370,Chabo_L_P_3_7,P,7,L,V4,Chabo,-0.6000000000000001,1.0,3,V4,18,0.11258666,20,layer2.0,6,0.045877091196404374
371,Chabo_L_P_3_9,P,9,L,V4,Chabo,-0.6000000000000001,1.8,3,V4,19,0.10354253,21,layer2.0,6,0.0387023499081266
372,Chabo_L_P_4_2,P,2,L,V4,Chabo,-0.2,-1.0,4,V4,20,0.08750873,24,layer2.0,6,0.1694488159530139
373,Chabo_L_P_4_5,P,5,L,V4,Chabo,-0.2,0.2,4,V4,21,0.07274828,26,layer2.0,6,0.14226774837703837
374,Chabo_L_P_0_2,P,2,L,V4,Chabo,-1.8,-1.0,0,V4,0,5.880707,0,layer2.0,7,0.722109908421146
375,Chabo_L_P_0_3,P,3,L,V4,Chabo,-1.8,-0.6000000000000001,0,V4,1,1.9804419,1,layer2.0,7,0.5124312414315695
376,Chabo_L_P_0_6,P,6,L,V4,Chabo,-1.8,0.6000000000000001,0,V4,2,1.1559918,2,layer2.0,7,0.47734016022311465
377,Chabo_L_P_1_0,P,0,L,V4,Chabo,-1.4000000000000001,-1.8,1,V4,3,0.90416205,3,layer2.0,7,0.3113904002020873
378,Chabo_L_P_1_2,P,2,L,V4,Chabo,-1.4000000000000001,-1.0,1,V4,4,0.6592647,4,layer2.0,7,0.08335297672202209
379,Chabo_L_P_1_4,P,4,L,V4,Chabo,-1.4000000000000001,-0.2,1,V4,5,0.5022691,5,layer2.0,7,0.3535545593855396
380,Chabo_L_P_1_5,P,5,L,V4,Chabo,-1.4000000000000001,0.2,1,V4,6,0.45661438,6,layer2.0,7,0.16892561027367303
381,Chabo_L_P_1_9,P,9,L,V4,Chabo,-1.4000000000000001,1.8,1,V4,7,0.38636193,7,layer2.0,7,0.507505918776929
382,Chabo_L_P_2_0,P,0,L,V4,Chabo,-1.0,-1.8,2,V4,8,0.36999488,8,layer2.0,7,0.17006333867119977
383,Chabo_L_P_2_1,P,1,L,V4,Chabo,-1.0,-1.4000000000000001,2,V4,9,0.30207703,9,layer2.0,7,0.10980978380567041
384,Chabo_L_P_2_4,P,4,L,V4,Chabo,-1.0,-0.2,2,V4,10,0.25871778,10,layer2.0,7,0.2679080563139019
385,Chabo_L_P_2_6,P,6,L,V4,Chabo,-1.0,0.6000000000000001,2,V4,11,0.23354065,11,layer2.0,7,0.23356513252937014
386,Chabo_L_P_2_7,P,7,L,V4,Chabo,-1.0,1.0,2,V4,12,0.2148396,12,layer2.0,7,0.1531763263829409
387,Chabo_L_P_2_8,P,8,L,V4,Chabo,-1.0,1.4000000000000001,2,V4,13,0.20041782,13,layer2.0,7,0.3095271339931942
388,Chabo_L_P_2_9,P,9,L,V4,Chabo,-1.0,1.8,2,V4,14,0.1797199,14,layer2.0,7,0.11953543349229231
389,Chabo_L_P_3_0,P,0,L,V4,Chabo,-0.6000000000000001,-1.8,3,V4,15,0.16179065,15,layer2.0,7,0.21877637671705016
390,Chabo_L_P_3_1,P,1,L,V4,Chabo,-0.6000000000000001,-1.4000000000000001,3,V4,16,0.14348383,16,layer2.0,7,0.26916036676590394
391,Chabo_L_P_3_5,P,5,L,V4,Chabo,-0.6000000000000001,0.2,3,V4,17,0.120257586,19,layer2.0,7,0.1212495951454404
392,Chabo_L_P_3_7,P,7,L,V4,Chabo,-0.6000000000000001,1.0,3,V4,18,0.11258666,20,layer2.0,7,-0.016290584614112376
393,Chabo_L_P_3_9,P,9,L,V4,Chabo,-0.6000000000000001,1.8,3,V4,19,0.10354253,21,layer2.0,7,0.08483696880912782
394,Chabo_L_P_4_2,P,2,L,V4,Chabo,-0.2,-1.0,4,V4,20,0.08750873,24,layer2.0,7,0.1559248437841097
395,Chabo_L_P_4_5,P,5,L,V4,Chabo,-0.2,0.2,4,V4,21,0.07274828,26,layer2.0,7,0.07373523282276771
396,Chabo_L_P_0_2,P,2,L,V4,Chabo,-1.8,-1.0,0,V4,0,5.880707,0,layer2.0,8,0.7151187738223319
397,Chabo_L_P_0_3,P,3,L,V4,Chabo,-1.8,-0.6000000000000001,0,V4,1,1.9804419,1,layer2.0,8,0.5215503394586267
398,Chabo_L_P_0_6,P,6,L,V4,Chabo,-1.8,0.6000000000000001,0,V4,2,1.1559918,2,layer2.0,8,0.5347960973518475
399,Chabo_L_P_1_0,P,0,L,V4,Chabo,-1.4000000000000001,-1.8,1,V4,3,0.90416205,3,layer2.0,8,0.3181449575158059
400,Chabo_L_P_1_2,P,2,L,V4,Chabo,-1.4000000000000001,-1.0,1,V4,4,0.6592647,4,layer2.0,8,0.145433380597865
401,Chabo_L_P_1_4,P,4,L,V4,Chabo,-1.4000000000000001,-0.2,1,V4,5,0.5022691,5,layer2.0,8,0.2957625275524251
402,Chabo_L_P_1_5,P,5,L,V4,Chabo,-1.4000000000000001,0.2,1,V4,6,0.45661438,6,layer2.0,8,0.18550851699267676
403,Chabo_L_P_1_9,P,9,L,V4,Chabo,-1.4000000000000001,1.8,1,V4,7,0.38636193,7,layer2.0,8,0.35450847250514567
404,Chabo_L_P_2_0,P,0,L,V4,Chabo,-1.0,-1.8,2,V4,8,0.36999488,8,layer2.0,8,0.20408123822329066
405,Chabo_L_P_2_1,P,1,L,V4,Chabo,-1.0,-1.4000000000000001,2,V4,9,0.30207703,9,layer2.0,8,0.09958881110484627
406,Chabo_L_P_2_4,P,4,L,V4,Chabo,-1.0,-0.2,2,V4,10,0.25871778,10,layer2.0,8,0.3061716786715161
407,Chabo_L_P_2_6,P,6,L,V4,Chabo,-1.0,0.6000000000000001,2,V4,11,0.23354065,11,layer2.0,8,0.31286518980828015
408,Chabo_L_P_2_7,P,7,L,V4,Chabo,-1.0,1.0,2,V4,12,0.2148396,12,layer2.0,8,0.22992504948287912
409,Chabo_L_P_2_8,P,8,L,V4,Chabo,-1.0,1.4000000000000001,2,V4,13,0.20041782,13,layer2.0,8,0.23866920409477477
410,Chabo_L_P_2_9,P,9,L,V4,Chabo,-1.0,1.8,2,V4,14,0.1797199,14,layer2.0,8,0.17631887769958263
411,Chabo_L_P_3_0,P,0,L,V4,Chabo,-0.6000000000000001,-1.8,3,V4,15,0.16179065,15,layer2.0,8,0.23863972195393254
412,Chabo_L_P_3_1,P,1,L,V4,Chabo,-0.6000000000000001,-1.4000000000000001,3,V4,16,0.14348383,16,layer2.0,8,0.17641625083562537
413,Chabo_L_P_3_5,P,5,L,V4,Chabo,-0.6000000000000001,0.2,3,V4,17,0.120257586,19,layer2.0,8,0.12106717940289027
414,Chabo_L_P_3_7,P,7,L,V4,Chabo,-0.6000000000000001,1.0,3,V4,18,0.11258666,20,layer2.0,8,0.12120139578605132
415,Chabo_L_P_3_9,P,9,L,V4,Chabo,-0.6000000000000001,1.8,3,V4,19,0.10354253,21,layer2.0,8,0.09487931375469784
416,Chabo_L_P_4_2,P,2,L,V4,Chabo,-0.2,-1.0,4,V4,20,0.08750873,24,layer2.0,8,0.11072904998539176
417,Chabo_L_P_4_5,P,5,L,V4,Chabo,-0.2,0.2,4,V4,21,0.07274828,26,layer2.0,8,0.06118955546220289
418,Chabo_L_P_0_2,P,2,L,V4,Chabo,-1.8,-1.0,0,V4,0,5.880707,0,layer2.0,9,0.7293140440403286
419,Chabo_L_P_0_3,P,3,L,V4,Chabo,-1.8,-0.6000000000000001,0,V4,1,1.9804419,1,layer2.0,9,0.5590237775288445
420,Chabo_L_P_0_6,P,6,L,V4,Chabo,-1.8,0.6000000000000001,0,V4,2,1.1559918,2,layer2.0,9,0.46607508406735565
421,Chabo_L_P_1_0,P,0,L,V4,Chabo,-1.4000000000000001,-1.8,1,V4,3,0.90416205,3,layer2.0,9,0.33646955478160845
422,Chabo_L_P_1_2,P,2,L,V4,Chabo,-1.4000000000000001,-1.0,1,V4,4,0.6592647,4,layer2.0,9,0.1357462750359748
423,Chabo_L_P_1_4,P,4,L,V4,Chabo,-1.4000000000000001,-0.2,1,V4,5,0.5022691,5,layer2.0,9,0.3874375460484776
424,Chabo_L_P_1_5,P,5,L,V4,Chabo,-1.4000000000000001,0.2,1,V4,6,0.45661438,6,layer2.0,9,0.22928033987693508
425,Chabo_L_P_1_9,P,9,L,V4,Chabo,-1.4000000000000001,1.8,1,V4,7,0.38636193,7,layer2.0,9,0.4157254596716783
426,Chabo_L_P_2_0,P,0,L,V4,Chabo,-1.0,-1.8,2,V4,8,0.36999488,8,layer2.0,9,0.22538821108012264
427,Chabo_L_P_2_1,P,1,L,V4,Chabo,-1.0,-1.4000000000000001,2,V4,9,0.30207703,9,layer2.0,9,0.16068821672679354
428,Chabo_L_P_2_4,P,4,L,V4,Chabo,-1.0,-0.2,2,V4,10,0.25871778,10,layer2.0,9,0.2581596708197781
429,Chabo_L_P_2_6,P,6,L,V4,Chabo,-1.0,0.6000000000000001,2,V4,11,0.23354065,11,layer2.0,9,0.19063479446095294
430,Chabo_L_P_2_7,P,7,L,V4,Chabo,-1.0,1.0,2,V4,12,0.2148396,12,layer2.0,9,0.27288507172640086
431,Chabo_L_P_2_8,P,8,L,V4,Chabo,-1.0,1.4000000000000001,2,V4,13,0.20041782,13,layer2.0,9,0.3492945563134926
432,Chabo_L_P_2_9,P,9,L,V4,Chabo,-1.0,1.8,2,V4,14,0.1797199,14,layer2.0,9,0.05116041900134929
433,Chabo_L_P_3_0,P,0,L,V4,Chabo,-0.6000000000000001,-1.8,3,V4,15,0.16179065,15,layer2.0,9,0.1518535925808312
434,Chabo_L_P_3_1,P,1,L,V4,Chabo,-0.6000000000000001,-1.4000000000000001,3,V4,16,0.14348383,16,layer2.0,9,0.21118959119478914
435,Chabo_L_P_3_5,P,5,L,V4,Chabo,-0.6000000000000001,0.2,3,V4,17,0.120257586,19,layer2.0,9,0.22569247502870285
436,Chabo_L_P_3_7,P,7,L,V4,Chabo,-0.6000000000000001,1.0,3,V4,18,0.11258666,20,layer2.0,9,0.05781278977356833
437,Chabo_L_P_3_9,P,9,L,V4,Chabo,-0.6000000000000001,1.8,3,V4,19,0.10354253,21,layer2.0,9,0.15040320556787984
438,Chabo_L_P_4_2,P,2,L,V4,Chabo,-0.2,-1.0,4,V4,20,0.08750873,24,layer2.0,9,0.18573371902574973
439,Chabo_L_P_4_5,P,5,L,V4,Chabo,-0.2,0.2,4,V4,21,0.07274828,26,layer2.0,9,0.09322847864798954
440,Chabo_L_P_0_2,P,2,L,V4,Chabo,-1.8,-1.0,0,V4,0,5.880707,0,layer3.0,0,0.6338205604414338
441,Chabo_L_P_0_3,P,3,L,V4,Chabo,-1.8,-0.6000000000000001,0,V4,1,1.9804419,1,layer3.0,0,0.540579376933268
442,Chabo_L_P_0_6,P,6,L,V4,Chabo,-1.8,0.6000000000000001,0,V4,2,1.1559918,2,layer3.0,0,0.5298701767696966
443,Chabo_L_P_1_0,P,0,L,V4,Chabo,-1.4000000000000001,-1.8,1,V4,3,0.90416205,3,layer3.0,0,0.27173254041477846
444,Chabo_L_P_1_2,P,2,L,V4,Chabo,-1.4000000000000001,-1.0,1,V4,4,0.6592647,4,layer3.0,0,0.16378574011217506
445,Chabo_L_P_1_4,P,4,L,V4,Chabo,-1.4000000000000001,-0.2,1,V4,5,0.5022691,5,layer3.0,0,0.2681769582238851
446,Chabo_L_P_1_5,P,5,L,V4,Chabo,-1.4000000000000001,0.2,1,V4,6,0.45661438,6,layer3.0,0,0.1308230193774148
447,Chabo_L_P_1_9,P,9,L,V4,Chabo,-1.4000000000000001,1.8,1,V4,7,0.38636193,7,layer3.0,0,0.3990794565320005
448,Chabo_L_P_2_0,P,0,L,V4,Chabo,-1.0,-1.8,2,V4,8,0.36999488,8,layer3.0,0,0.2226406631682594
449,Chabo_L_P_2_1,P,1,L,V4,Chabo,-1.0,-1.4000000000000001,2,V4,9,0.30207703,9,layer3.0,0,0.09434761011780227
450,Chabo_L_P_2_4,P,4,L,V4,Chabo,-1.0,-0.2,2,V4,10,0.25871778,10,layer3.0,0,0.2641947224607941
451,Chabo_L_P_2_6,P,6,L,V4,Chabo,-1.0,0.6000000000000001,2,V4,11,0.23354065,11,layer3.0,0,0.24750227855856136
452,Chabo_L_P_2_7,P,7,L,V4,Chabo,-1.0,1.0,2,V4,12,0.2148396,12,layer3.0,0,0.1663137834720798
453,Chabo_L_P_2_8,P,8,L,V4,Chabo,-1.0,1.4000000000000001,2,V4,13,0.20041782,13,layer3.0,0,0.27722886908386396
454,Chabo_L_P_2_9,P,9,L,V4,Chabo,-1.0,1.8,2,V4,14,0.1797199,14,layer3.0,0,0.11737692102205902
455,Chabo_L_P_3_0,P,0,L,V4,Chabo,-0.6000000000000001,-1.8,3,V4,15,0.16179065,15,layer3.0,0,0.21608345499607412
456,Chabo_L_P_3_1,P,1,L,V4,Chabo,-0.6000000000000001,-1.4000000000000001,3,V4,16,0.14348383,16,layer3.0,0,0.21150835010875624
457,Chabo_L_P_3_5,P,5,L,V4,Chabo,-0.6000000000000001,0.2,3,V4,17,0.120257586,19,layer3.0,0,0.12238494540056605
458,Chabo_L_P_3_7,P,7,L,V4,Chabo,-0.6000000000000001,1.0,3,V4,18,0.11258666,20,layer3.0,0,0.1549931702932992
459,Chabo_L_P_3_9,P,9,L,V4,Chabo,-0.6000000000000001,1.8,3,V4,19,0.10354253,21,layer3.0,0,0.09103323139487765
460,Chabo_L_P_4_2,P,2,L,V4,Chabo,-0.2,-1.0,4,V4,20,0.08750873,24,layer3.0,0,0.12166791382280046
461,Chabo_L_P_4_5,P,5,L,V4,Chabo,-0.2,0.2,4,V4,21,0.07274828,26,layer3.0,0,0.13804071777433802
462,Chabo_L_P_0_2,P,2,L,V4,Chabo,-1.8,-1.0,0,V4,0,5.880707,0,layer3.0,1,0.6610975030626477
463,Chabo_L_P_0_3,P,3,L,V4,Chabo,-1.8,-0.6000000000000001,0,V4,1,1.9804419,1,layer3.0,1,0.5372503954804875
464,Chabo_L_P_0_6,P,6,L,V4,Chabo,-1.8,0.6000000000000001,0,V4,2,1.1559918,2,layer3.0,1,0.4492173346248987
465,Chabo_L_P_1_0,P,0,L,V4,Chabo,-1.4000000000000001,-1.8,1,V4,3,0.90416205,3,layer3.0,1,0.3591025873261007
466,Chabo_L_P_1_2,P,2,L,V4,Chabo,-1.4000000000000001,-1.0,1,V4,4,0.6592647,4,layer3.0,1,0.08884785700674919
467,Chabo_L_P_1_4,P,4,L,V4,Chabo,-1.4000000000000001,-0.2,1,V4,5,0.5022691,5,layer3.0,1,0.3388943713021915
468,Chabo_L_P_1_5,P,5,L,V4,Chabo,-1.4000000000000001,0.2,1,V4,6,0.45661438,6,layer3.0,1,0.18335821935205418
469,Chabo_L_P_1_9,P,9,L,V4,Chabo,-1.4000000000000001,1.8,1,V4,7,0.38636193,7,layer3.0,1,0.38803438427665504
470,Chabo_L_P_2_0,P,0,L,V4,Chabo,-1.0,-1.8,2,V4,8,0.36999488,8,layer3.0,1,0.14691128811805496
471,Chabo_L_P_2_1,P,1,L,V4,Chabo,-1.0,-1.4000000000000001,2,V4,9,0.30207703,9,layer3.0,1,0.02893234188739491
472,Chabo_L_P_2_4,P,4,L,V4,Chabo,-1.0,-0.2,2,V4,10,0.25871778,10,layer3.0,1,0.13892552513289214
473,Chabo_L_P_2_6,P,6,L,V4,Chabo,-1.0,0.6000000000000001,2,V4,11,0.23354065,11,layer3.0,1,0.26553616179172673
474,Chabo_L_P_2_7,P,7,L,V4,Chabo,-1.0,1.0,2,V4,12,0.2148396,12,layer3.0,1,0.06876683706746026
475,Chabo_L_P_2_8,P,8,L,V4,Chabo,-1.0,1.4000000000000001,2,V4,13,0.20041782,13,layer3.0,1,0.2919549012467997
476,Chabo_L_P_2_9,P,9,L,V4,Chabo,-1.0,1.8,2,V4,14,0.1797199,14,layer3.0,1,0.09208916700759814
477,Chabo_L_P_3_0,P,0,L,V4,Chabo,-0.6000000000000001,-1.8,3,V4,15,0.16179065,15,layer3.0,1,0.13628794392626226
478,Chabo_L_P_3_1,P,1,L,V4,Chabo,-0.6000000000000001,-1.4000000000000001,3,V4,16,0.14348383,16,layer3.0,1,0.1924781835026828
479,Chabo_L_P_3_5,P,5,L,V4,Chabo,-0.6000000000000001,0.2,3,V4,17,0.120257586,19,layer3.0,1,0.036392282458446834
480,Chabo_L_P_3_7,P,7,L,V4,Chabo,-0.6000000000000001,1.0,3,V4,18,0.11258666,20,layer3.0,1,-0.01468961485092998
481,Chabo_L_P_3_9,P,9,L,V4,Chabo,-0.6000000000000001,1.8,3,V4,19,0.10354253,21,layer3.0,1,0.14803012883915959
482,Chabo_L_P_4_2,P,2,L,V4,Chabo,-0.2,-1.0,4,V4,20,0.08750873,24,layer3.0,1,0.140248830022082
483,Chabo_L_P_4_5,P,5,L,V4,Chabo,-0.2,0.2,4,V4,21,0.07274828,26,layer3.0,1,0.07970629964230055
484,Chabo_L_P_0_2,P,2,L,V4,Chabo,-1.8,-1.0,0,V4,0,5.880707,0,layer3.0,2,0.6515224288956081
485,Chabo_L_P_0_3,P,3,L,V4,Chabo,-1.8,-0.6000000000000001,0,V4,1,1.9804419,1,layer3.0,2,0.6430289671814466
486,Chabo_L_P_0_6,P,6,L,V4,Chabo,-1.8,0.6000000000000001,0,V4,2,1.1559918,2,layer3.0,2,0.34876436723694093
487,Chabo_L_P_1_0,P,0,L,V4,Chabo,-1.4000000000000001,-1.8,1,V4,3,0.90416205,3,layer3.0,2,0.30591911991105886
488,Chabo_L_P_1_2,P,2,L,V4,Chabo,-1.4000000000000001,-1.0,1,V4,4,0.6592647,4,layer3.0,2,0.10755471621902848
489,Chabo_L_P_1_4,P,4,L,V4,Chabo,-1.4000000000000001,-0.2,1,V4,5,0.5022691,5,layer3.0,2,0.2717048903898318
490,Chabo_L_P_1_5,P,5,L,V4,Chabo,-1.4000000000000001,0.2,1,V4,6,0.45661438,6,layer3.0,2,-0.0345071919177755
491,Chabo_L_P_1_9,P,9,L,V4,Chabo,-1.4000000000000001,1.8,1,V4,7,0.38636193,7,layer3.0,2,0.4063558105650694
492,Chabo_L_P_2_0,P,0,L,V4,Chabo,-1.0,-1.8,2,V4,8,0.36999488,8,layer3.0,2,0.22198109370516156
493,Chabo_L_P_2_1,P,1,L,V4,Chabo,-1.0,-1.4000000000000001,2,V4,9,0.30207703,9,layer3.0,2,0.14839182771333295
494,Chabo_L_P_2_4,P,4,L,V4,Chabo,-1.0,-0.2,2,V4,10,0.25871778,10,layer3.0,2,0.1496503786137151
495,Chabo_L_P_2_6,P,6,L,V4,Chabo,-1.0,0.6000000000000001,2,V4,11,0.23354065,11,layer3.0,2,0.2569478791193428
496,Chabo_L_P_2_7,P,7,L,V4,Chabo,-1.0,1.0,2,V4,12,0.2148396,12,layer3.0,2,0.12580812296928778
497,Chabo_L_P_2_8,P,8,L,V4,Chabo,-1.0,1.4000000000000001,2,V4,13,0.20041782,13,layer3.0,2,0.34233354420615536
498,Chabo_L_P_2_9,P,9,L,V4,Chabo,-1.0,1.8,2,V4,14,0.1797199,14,layer3.0,2,0.23345648451796933
499,Chabo_L_P_3_0,P,0,L,V4,Chabo,-0.6000000000000001,-1.8,3,V4,15,0.16179065,15,layer3.0,2,0.20799534898998026
500,Chabo_L_P_3_1,P,1,L,V4,Chabo,-0.6000000000000001,-1.4000000000000001,3,V4,16,0.14348383,16,layer3.0,2,0.28182693109762347
501,Chabo_L_P_3_5,P,5,L,V4,Chabo,-0.6000000000000001,0.2,3,V4,17,0.120257586,19,layer3.0,2,0.05719031371141159
502,Chabo_L_P_3_7,P,7,L,V4,Chabo,-0.6000000000000001,1.0,3,V4,18,0.11258666,20,layer3.0,2,-0.027494924222275265
503,Chabo_L_P_3_9,P,9,L,V4,Chabo,-0.6000000000000001,1.8,3,V4,19,0.10354253,21,layer3.0,2,0.14829766099632263
504,Chabo_L_P_4_2,P,2,L,V4,Chabo,-0.2,-1.0,4,V4,20,0.08750873,24,layer3.0,2,0.12155121377063505
505,Chabo_L_P_4_5,P,5,L,V4,Chabo,-0.2,0.2,4,V4,21,0.07274828,26,layer3.0,2,0.018698186109838654
506,Chabo_L_P_0_2,P,2,L,V4,Chabo,-1.8,-1.0,0,V4,0,5.880707,0,layer3.0,3,0.6398183192139408
507,Chabo_L_P_0_3,P,3,L,V4,Chabo,-1.8,-0.6000000000000001,0,V4,1,1.9804419,1,layer3.0,3,0.5587985370136785
508,Chabo_L_P_0_6,P,6,L,V4,Chabo,-1.8,0.6000000000000001,0,V4,2,1.1559918,2,layer3.0,3,0.5508370298079773
509,Chabo_L_P_1_0,P,0,L,V4,Chabo,-1.4000000000000001,-1.8,1,V4,3,0.90416205,3,layer3.0,3,0.224947457284923
510,Chabo_L_P_1_2,P,2,L,V4,Chabo,-1.4000000000000001,-1.0,1,V4,4,0.6592647,4,layer3.0,3,0.08451626151334075
511,Chabo_L_P_1_4,P,4,L,V4,Chabo,-1.4000000000000001,-0.2,1,V4,5,0.5022691,5,layer3.0,3,0.2945077028702631
512,Chabo_L_P_1_5,P,5,L,V4,Chabo,-1.4000000000000001,0.2,1,V4,6,0.45661438,6,layer3.0,3,0.16758343200735726
513,Chabo_L_P_1_9,P,9,L,V4,Chabo,-1.4000000000000001,1.8,1,V4,7,0.38636193,7,layer3.0,3,0.43163731191505267
514,Chabo_L_P_2_0,P,0,L,V4,Chabo,-1.0,-1.8,2,V4,8,0.36999488,8,layer3.0,3,0.3125985816559494
515,Chabo_L_P_2_1,P,1,L,V4,Chabo,-1.0,-1.4000000000000001,2,V4,9,0.30207703,9,layer3.0,3,0.16113685556286533
516,Chabo_L_P_2_4,P,4,L,V4,Chabo,-1.0,-0.2,2,V4,10,0.25871778,10,layer3.0,3,0.2797867882226144
517,Chabo_L_P_2_6,P,6,L,V4,Chabo,-1.0,0.6000000000000001,2,V4,11,0.23354065,11,layer3.0,3,0.26235916873443993
518,Chabo_L_P_2_7,P,7,L,V4,Chabo,-1.0,1.0,2,V4,12,0.2148396,12,layer3.0,3,0.18687800185570638
519,Chabo_L_P_2_8,P,8,L,V4,Chabo,-1.0,1.4000000000000001,2,V4,13,0.20041782,13,layer3.0,3,0.263099554216604
520,Chabo_L_P_2_9,P,9,L,V4,Chabo,-1.0,1.8,2,V4,14,0.1797199,14,layer3.0,3,0.05918461227874508
521,Chabo_L_P_3_0,P,0,L,V4,Chabo,-0.6000000000000001,-1.8,3,V4,15,0.16179065,15,layer3.0,3,0.13519520831373583
522,Chabo_L_P_3_1,P,1,L,V4,Chabo,-0.6000000000000001,-1.4000000000000001,3,V4,16,0.14348383,16,layer3.0,3,0.21072086296439066
523,Chabo_L_P_3_5,P,5,L,V4,Chabo,-0.6000000000000001,0.2,3,V4,17,0.120257586,19,layer3.0,3,0.15768230063799615
524,Chabo_L_P_3_7,P,7,L,V4,Chabo,-0.6000000000000001,1.0,3,V4,18,0.11258666,20,layer3.0,3,0.03016557656838699
525,Chabo_L_P_3_9,P,9,L,V4,Chabo,-0.6000000000000001,1.8,3,V4,19,0.10354253,21,layer3.0,3,0.13359240830377067
526,Chabo_L_P_4_2,P,2,L,V4,Chabo,-0.2,-1.0,4,V4,20,0.08750873,24,layer3.0,3,0.24363025391748577
527,Chabo_L_P_4_5,P,5,L,V4,Chabo,-0.2,0.2,4,V4,21,0.07274828,26,layer3.0,3,0.16497878865426446
528,Chabo_L_P_0_2,P,2,L,V4,Chabo,-1.8,-1.0,0,V4,0,5.880707,0,layer3.0,4,0.6309039917657684
529,Chabo_L_P_0_3,P,3,L,V4,Chabo,-1.8,-0.6000000000000001,0,V4,1,1.9804419,1,layer3.0,4,0.536028563673554
530,Chabo_L_P_0_6,P,6,L,V4,Chabo,-1.8,0.6000000000000001,0,V4,2,1.1559918,2,layer3.0,4,0.49137993804499686
531,Chabo_L_P_1_0,P,0,L,V4,Chabo,-1.4000000000000001,-1.8,1,V4,3,0.90416205,3,layer3.0,4,0.30018834315134774
532,Chabo_L_P_1_2,P,2,L,V4,Chabo,-1.4000000000000001,-1.0,1,V4,4,0.6592647,4,layer3.0,4,0.20791967351126345
533,Chabo_L_P_1_4,P,4,L,V4,Chabo,-1.4000000000000001,-0.2,1,V4,5,0.5022691,5,layer3.0,4,0.24676892456097094
534,Chabo_L_P_1_5,P,5,L,V4,Chabo,-1.4000000000000001,0.2,1,V4,6,0.45661438,6,layer3.0,4,0.15292644571840275
535,Chabo_L_P_1_9,P,9,L,V4,Chabo,-1.4000000000000001,1.8,1,V4,7,0.38636193,7,layer3.0,4,0.4508017913166906
536,Chabo_L_P_2_0,P,0,L,V4,Chabo,-1.0,-1.8,2,V4,8,0.36999488,8,layer3.0,4,0.2787599156767472
537,Chabo_L_P_2_1,P,1,L,V4,Chabo,-1.0,-1.4000000000000001,2,V4,9,0.30207703,9,layer3.0,4,0.13315396547648975
538,Chabo_L_P_2_4,P,4,L,V4,Chabo,-1.0,-0.2,2,V4,10,0.25871778,10,layer3.0,4,0.24452982703493564
539,Chabo_L_P_2_6,P,6,L,V4,Chabo,-1.0,0.6000000000000001,2,V4,11,0.23354065,11,layer3.0,4,0.23373055385612054
540,Chabo_L_P_2_7,P,7,L,V4,Chabo,-1.0,1.0,2,V4,12,0.2148396,12,layer3.0,4,0.1641453118933609
541,Chabo_L_P_2_8,P,8,L,V4,Chabo,-1.0,1.4000000000000001,2,V4,13,0.20041782,13,layer3.0,4,0.2998617856563696
542,Chabo_L_P_2_9,P,9,L,V4,Chabo,-1.0,1.8,2,V4,14,0.1797199,14,layer3.0,4,0.17130597889092963
543,Chabo_L_P_3_0,P,0,L,V4,Chabo,-0.6000000000000001,-1.8,3,V4,15,0.16179065,15,layer3.0,4,0.06602959248270357
544,Chabo_L_P_3_1,P,1,L,V4,Chabo,-0.6000000000000001,-1.4000000000000001,3,V4,16,0.14348383,16,layer3.0,4,0.17278802596591064
545,Chabo_L_P_3_5,P,5,L,V4,Chabo,-0.6000000000000001,0.2,3,V4,17,0.120257586,19,layer3.0,4,0.2374164408591337
546,Chabo_L_P_3_7,P,7,L,V4,Chabo,-0.6000000000000001,1.0,3,V4,18,0.11258666,20,layer3.0,4,0.07934475792195125
547,Chabo_L_P_3_9,P,9,L,V4,Chabo,-0.6000000000000001,1.8,3,V4,19,0.10354253,21,layer3.0,4,0.07580561903783578
548,Chabo_L_P_4_2,P,2,L,V4,Chabo,-0.2,-1.0,4,V4,20,0.08750873,24,layer3.0,4,0.1561701736262508
549,Chabo_L_P_4_5,P,5,L,V4,Chabo,-0.2,0.2,4,V4,21,0.07274828,26,layer3.0,4,-0.01073002853130172
550,Chabo_L_P_0_2,P,2,L,V4,Chabo,-1.8,-1.0,0,V4,0,5.880707,0,layer3.0,5,0.6753450409715305
551,Chabo_L_P_0_3,P,3,L,V4,Chabo,-1.8,-0.6000000000000001,0,V4,1,1.9804419,1,layer3.0,5,0.552073750704294
552,Chabo_L_P_0_6,P,6,L,V4,Chabo,-1.8,0.6000000000000001,0,V4,2,1.1559918,2,layer3.0,5,0.4076135917001192
553,Chabo_L_P_1_0,P,0,L,V4,Chabo,-1.4000000000000001,-1.8,1,V4,3,0.90416205,3,layer3.0,5,0.26029658280362605
554,Chabo_L_P_1_2,P,2,L,V4,Chabo,-1.4000000000000001,-1.0,1,V4,4,0.6592647,4,layer3.0,5,0.11466639858820359
555,Chabo_L_P_1_4,P,4,L,V4,Chabo,-1.4000000000000001,-0.2,1,V4,5,0.5022691,5,layer3.0,5,0.23180418752660148
556,Chabo_L_P_1_5,P,5,L,V4,Chabo,-1.4000000000000001,0.2,1,V4,6,0.45661438,6,layer3.0,5,0.1130780835314124
557,Chabo_L_P_1_9,P,9,L,V4,Chabo,-1.4000000000000001,1.8,1,V4,7,0.38636193,7,layer3.0,5,0.4311240274162418
558,Chabo_L_P_2_0,P,0,L,V4,Chabo,-1.0,-1.8,2,V4,8,0.36999488,8,layer3.0,5,0.2148491968249374
559,Chabo_L_P_2_1,P,1,L,V4,Chabo,-1.0,-1.4000000000000001,2,V4,9,0.30207703,9,layer3.0,5,0.053017786490183905
560,Chabo_L_P_2_4,P,4,L,V4,Chabo,-1.0,-0.2,2,V4,10,0.25871778,10,layer3.0,5,0.30007359755856566
561,Chabo_L_P_2_6,P,6,L,V4,Chabo,-1.0,0.6000000000000001,2,V4,11,0.23354065,11,layer3.0,5,0.19246662529629915
562,Chabo_L_P_2_7,P,7,L,V4,Chabo,-1.0,1.0,2,V4,12,0.2148396,12,layer3.0,5,0.19461922046698707
563,Chabo_L_P_2_8,P,8,L,V4,Chabo,-1.0,1.4000000000000001,2,V4,13,0.20041782,13,layer3.0,5,0.39533770908580507
564,Chabo_L_P_2_9,P,9,L,V4,Chabo,-1.0,1.8,2,V4,14,0.1797199,14,layer3.0,5,0.13223241764241814
565,Chabo_L_P_3_0,P,0,L,V4,Chabo,-0.6000000000000001,-1.8,3,V4,15,0.16179065,15,layer3.0,5,0.17825424537286688
566,Chabo_L_P_3_1,P,1,L,V4,Chabo,-0.6000000000000001,-1.4000000000000001,3,V4,16,0.14348383,16,layer3.0,5,0.21404862354542564
567,Chabo_L_P_3_5,P,5,L,V4,Chabo,-0.6000000000000001,0.2,3,V4,17,0.120257586,19,layer3.0,5,0.10258160192209692
568,Chabo_L_P_3_7,P,7,L,V4,Chabo,-0.6000000000000001,1.0,3,V4,18,0.11258666,20,layer3.0,5,0.06846451635350645
569,Chabo_L_P_3_9,P,9,L,V4,Chabo,-0.6000000000000001,1.8,3,V4,19,0.10354253,21,layer3.0,5,0.11866359268076343
570,Chabo_L_P_4_2,P,2,L,V4,Chabo,-0.2,-1.0,4,V4,20,0.08750873,24,layer3.0,5,0.09050221928310923
571,Chabo_L_P_4_5,P,5,L,V4,Chabo,-0.2,0.2,4,V4,21,0.07274828,26,layer3.0,5,0.1525826882660794
572,Chabo_L_P_0_2,P,2,L,V4,Chabo,-1.8,-1.0,0,V4,0,5.880707,0,layer3.0,6,0.6839587529386105
573,Chabo_L_P_0_3,P,3,L,V4,Chabo,-1.8,-0.6000000000000001,0,V4,1,1.9804419,1,layer3.0,6,0.5744607613628543
574,Chabo_L_P_0_6,P,6,L,V4,Chabo,-1.8,0.6000000000000001,0,V4,2,1.1559918,2,layer3.0,6,0.41239261698664476
575,Chabo_L_P_1_0,P,0,L,V4,Chabo,-1.4000000000000001,-1.8,1,V4,3,0.90416205,3,layer3.0,6,0.3268600473935632
576,Chabo_L_P_1_2,P,2,L,V4,Chabo,-1.4000000000000001,-1.0,1,V4,4,0.6592647,4,layer3.0,6,0.17711935120453595
577,Chabo_L_P_1_4,P,4,L,V4,Chabo,-1.4000000000000001,-0.2,1,V4,5,0.5022691,5,layer3.0,6,0.24075561278902113
578,Chabo_L_P_1_5,P,5,L,V4,Chabo,-1.4000000000000001,0.2,1,V4,6,0.45661438,6,layer3.0,6,0.10098785214895649
579,Chabo_L_P_1_9,P,9,L,V4,Chabo,-1.4000000000000001,1.8,1,V4,7,0.38636193,7,layer3.0,6,0.3387499862187977
580,Chabo_L_P_2_0,P,0,L,V4,Chabo,-1.0,-1.8,2,V4,8,0.36999488,8,layer3.0,6,0.24558718792893725
581,Chabo_L_P_2_1,P,1,L,V4,Chabo,-1.0,-1.4000000000000001,2,V4,9,0.30207703,9,layer3.0,6,0.09016911414775818
582,Chabo_L_P_2_4,P,4,L,V4,Chabo,-1.0,-0.2,2,V4,10,0.25871778,10,layer3.0,6,0.16519792156377489
583,Chabo_L_P_2_6,P,6,L,V4,Chabo,-1.0,0.6000000000000001,2,V4,11,0.23354065,11,layer3.0,6,0.23256615070558798
584,Chabo_L_P_2_7,P,7,L,V4,Chabo,-1.0,1.0,2,V4,12,0.2148396,12,layer3.0,6,0.07684484202656461
585,Chabo_L_P_2_8,P,8,L,V4,Chabo,-1.0,1.4000000000000001,2,V4,13,0.20041782,13,layer3.0,6,0.29760271425837026
586,Chabo_L_P_2_9,P,9,L,V4,Chabo,-1.0,1.8,2,V4,14,0.1797199,14,layer3.0,6,0.13805871002871417
587,Chabo_L_P_3_0,P,0,L,V4,Chabo,-0.6000000000000001,-1.8,3,V4,15,0.16179065,15,layer3.0,6,0.08523523626440124
588,Chabo_L_P_3_1,P,1,L,V4,Chabo,-0.6000000000000001,-1.4000000000000001,3,V4,16,0.14348383,16,layer3.0,6,0.2589335540844088
589,Chabo_L_P_3_5,P,5,L,V4,Chabo,-0.6000000000000001,0.2,3,V4,17,0.120257586,19,layer3.0,6,0.16728173786865685
590,Chabo_L_P_3_7,P,7,L,V4,Chabo,-0.6000000000000001,1.0,3,V4,18,0.11258666,20,layer3.0,6,0.02591799379683951
591,Chabo_L_P_3_9,P,9,L,V4,Chabo,-0.6000000000000001,1.8,3,V4,19,0.10354253,21,layer3.0,6,0.07560623873201021
592,Chabo_L_P_4_2,P,2,L,V4,Chabo,-0.2,-1.0,4,V4,20,0.08750873,24,layer3.0,6,0.21441277115061064
593,Chabo_L_P_4_5,P,5,L,V4,Chabo,-0.2,0.2,4,V4,21,0.07274828,26,layer3.0,6,0.11152690257554146
594,Chabo_L_P_0_2,P,2,L,V4,Chabo,-1.8,-1.0,0,V4,0,5.880707,0,layer3.0,7,0.6795852868871675
595,Chabo_L_P_0_3,P,3,L,V4,Chabo,-1.8,-0.6000000000000001,0,V4,1,1.9804419,1,layer3.0,7,0.5063513864193221
596,Chabo_L_P_0_6,P,6,L,V4,Chabo,-1.8,0.6000000000000001,0,V4,2,1.1559918,2,layer3.0,7,0.3637066741335687
597,Chabo_L_P_1_0,P,0,L,V4,Chabo,-1.4000000000000001,-1.8,1,V4,3,0.90416205,3,layer3.0,7,0.3032471954991794
598,Chabo_L_P_1_2,P,2,L,V4,Chabo,-1.4000000000000001,-1.0,1,V4,4,0.6592647,4,layer3.0,7,0.0566701701744456
599,Chabo_L_P_1_4,P,4,L,V4,Chabo,-1.4000000000000001,-0.2,1,V4,5,0.5022691,5,layer3.0,7,0.3073324464601421
600,Chabo_L_P_1_5,P,5,L,V4,Chabo,-1.4000000000000001,0.2,1,V4,6,0.45661438,6,layer3.0,7,0.06978706559425284
601,Chabo_L_P_1_9,P,9,L,V4,Chabo,-1.4000000000000001,1.8,1,V4,7,0.38636193,7,layer3.0,7,0.4803261093656671
602,Chabo_L_P_2_0,P,0,L,V4,Chabo,-1.0,-1.8,2,V4,8,0.36999488,8,layer3.0,7,0.15101464798883082
603,Chabo_L_P_2_1,P,1,L,V4,Chabo,-1.0,-1.4000000000000001,2,V4,9,0.30207703,9,layer3.0,7,0.1176546820774032
604,Chabo_L_P_2_4,P,4,L,V4,Chabo,-1.0,-0.2,2,V4,10,0.25871778,10,layer3.0,7,0.267934056524758
605,Chabo_L_P_2_6,P,6,L,V4,Chabo,-1.0,0.6000000000000001,2,V4,11,0.23354065,11,layer3.0,7,0.2532644264541228
606,Chabo_L_P_2_7,P,7,L,V4,Chabo,-1.0,1.0,2,V4,12,0.2148396,12,layer3.0,7,0.13744568856991798
607,Chabo_L_P_2_8,P,8,L,V4,Chabo,-1.0,1.4000000000000001,2,V4,13,0.20041782,13,layer3.0,7,0.34234916202105564
608,Chabo_L_P_2_9,P,9,L,V4,Chabo,-1.0,1.8,2,V4,14,0.1797199,14,layer3.0,7,0.18104327961723982
609,Chabo_L_P_3_0,P,0,L,V4,Chabo,-0.6000000000000001,-1.8,3,V4,15,0.16179065,15,layer3.0,7,0.16511720100513044
610,Chabo_L_P_3_1,P,1,L,V4,Chabo,-0.6000000000000001,-1.4000000000000001,3,V4,16,0.14348383,16,layer3.0,7,0.26163416811421936
611,Chabo_L_P_3_5,P,5,L,V4,Chabo,-0.6000000000000001,0.2,3,V4,17,0.120257586,19,layer3.0,7,0.10735443922863638
612,Chabo_L_P_3_7,P,7,L,V4,Chabo,-0.6000000000000001,1.0,3,V4,18,0.11258666,20,layer3.0,7,-0.01716038722922098
613,Chabo_L_P_3_9,P,9,L,V4,Chabo,-0.6000000000000001,1.8,3,V4,19,0.10354253,21,layer3.0,7,0.001301262570886308
614,Chabo_L_P_4_2,P,2,L,V4,Chabo,-0.2,-1.0,4,V4,20,0.08750873,24,layer3.0,7,0.18116863563977897
615,Chabo_L_P_4_5,P,5,L,V4,Chabo,-0.2,0.2,4,V4,21,0.07274828,26,layer3.0,7,0.051052390205126016
616,Chabo_L_P_0_2,P,2,L,V4,Chabo,-1.8,-1.0,0,V4,0,5.880707,0,layer3.0,8,0.6755394849190037
617,Chabo_L_P_0_3,P,3,L,V4,Chabo,-1.8,-0.6000000000000001,0,V4,1,1.9804419,1,layer3.0,8,0.5204972982632912
618,Chabo_L_P_0_6,P,6,L,V4,Chabo,-1.8,0.6000000000000001,0,V4,2,1.1559918,2,layer3.0,8,0.475793765850124
619,Chabo_L_P_1_0,P,0,L,V4,Chabo,-1.4000000000000001,-1.8,1,V4,3,0.90416205,3,layer3.0,8,0.3058386601798251
620,Chabo_L_P_1_2,P,2,L,V4,Chabo,-1.4000000000000001,-1.0,1,V4,4,0.6592647,4,layer3.0,8,0.11961067483065974
621,Chabo_L_P_1_4,P,4,L,V4,Chabo,-1.4000000000000001,-0.2,1,V4,5,0.5022691,5,layer3.0,8,0.28795529822964067
622,Chabo_L_P_1_5,P,5,L,V4,Chabo,-1.4000000000000001,0.2,1,V4,6,0.45661438,6,layer3.0,8,0.14000789451173393
623,Chabo_L_P_1_9,P,9,L,V4,Chabo,-1.4000000000000001,1.8,1,V4,7,0.38636193,7,layer3.0,8,0.3305552998956696
624,Chabo_L_P_2_0,P,0,L,V4,Chabo,-1.0,-1.8,2,V4,8,0.36999488,8,layer3.0,8,0.2165933665732285
625,Chabo_L_P_2_1,P,1,L,V4,Chabo,-1.0,-1.4000000000000001,2,V4,9,0.30207703,9,layer3.0,8,0.12817753687144343
626,Chabo_L_P_2_4,P,4,L,V4,Chabo,-1.0,-0.2,2,V4,10,0.25871778,10,layer3.0,8,0.30063812146208424
627,Chabo_L_P_2_6,P,6,L,V4,Chabo,-1.0,0.6000000000000001,2,V4,11,0.23354065,11,layer3.0,8,0.313113662559355
628,Chabo_L_P_2_7,P,7,L,V4,Chabo,-1.0,1.0,2,V4,12,0.2148396,12,layer3.0,8,0.25177819242994254
629,Chabo_L_P_2_8,P,8,L,V4,Chabo,-1.0,1.4000000000000001,2,V4,13,0.20041782,13,layer3.0,8,0.25943052826530866
630,Chabo_L_P_2_9,P,9,L,V4,Chabo,-1.0,1.8,2,V4,14,0.1797199,14,layer3.0,8,0.18651502696391803
631,Chabo_L_P_3_0,P,0,L,V4,Chabo,-0.6000000000000001,-1.8,3,V4,15,0.16179065,15,layer3.0,8,0.2075132337356922
632,Chabo_L_P_3_1,P,1,L,V4,Chabo,-0.6000000000000001,-1.4000000000000001,3,V4,16,0.14348383,16,layer3.0,8,0.16993971164791116
633,Chabo_L_P_3_5,P,5,L,V4,Chabo,-0.6000000000000001,0.2,3,V4,17,0.120257586,19,layer3.0,8,0.12091573373918205
634,Chabo_L_P_3_7,P,7,L,V4,Chabo,-0.6000000000000001,1.0,3,V4,18,0.11258666,20,layer3.0,8,0.1370850312463912
635,Chabo_L_P_3_9,P,9,L,V4,Chabo,-0.6000000000000001,1.8,3,V4,19,0.10354253,21,layer3.0,8,0.07780167798482832
636,Chabo_L_P_4_2,P,2,L,V4,Chabo,-0.2,-1.0,4,V4,20,0.08750873,24,layer3.0,8,0.1001121965432823
637,Chabo_L_P_4_5,P,5,L,V4,Chabo,-0.2,0.2,4,V4,21,0.07274828,26,layer3.0,8,0.09806361870396686
638,Chabo_L_P_0_2,P,2,L,V4,Chabo,-1.8,-1.0,0,V4,0,5.880707,0,layer3.0,9,0.6865153322285281
639,Chabo_L_P_0_3,P,3,L,V4,Chabo,-1.8,-0.6000000000000001,0,V4,1,1.9804419,1,layer3.0,9,0.5551120745311102
640,Chabo_L_P_0_6,P,6,L,V4,Chabo,-1.8,0.6000000000000001,0,V4,2,1.1559918,2,layer3.0,9,0.44709708140937504
641,Chabo_L_P_1_0,P,0,L,V4,Chabo,-1.4000000000000001,-1.8,1,V4,3,0.90416205,3,layer3.0,9,0.3043701530972587
642,Chabo_L_P_1_2,P,2,L,V4,Chabo,-1.4000000000000001,-1.0,1,V4,4,0.6592647,4,layer3.0,9,0.1424544572176509
643,Chabo_L_P_1_4,P,4,L,V4,Chabo,-1.4000000000000001,-0.2,1,V4,5,0.5022691,5,layer3.0,9,0.3676819280121459
644,Chabo_L_P_1_5,P,5,L,V4,Chabo,-1.4000000000000001,0.2,1,V4,6,0.45661438,6,layer3.0,9,0.2227996478474522
645,Chabo_L_P_1_9,P,9,L,V4,Chabo,-1.4000000000000001,1.8,1,V4,7,0.38636193,7,layer3.0,9,0.4110819234424061
646,Chabo_L_P_2_0,P,0,L,V4,Chabo,-1.0,-1.8,2,V4,8,0.36999488,8,layer3.0,9,0.2529547267970606
647,Chabo_L_P_2_1,P,1,L,V4,Chabo,-1.0,-1.4000000000000001,2,V4,9,0.30207703,9,layer3.0,9,0.15779658096241572
648,Chabo_L_P_2_4,P,4,L,V4,Chabo,-1.0,-0.2,2,V4,10,0.25871778,10,layer3.0,9,0.23665314933567594
649,Chabo_L_P_2_6,P,6,L,V4,Chabo,-1.0,0.6000000000000001,2,V4,11,0.23354065,11,layer3.0,9,0.22652131336443407
650,Chabo_L_P_2_7,P,7,L,V4,Chabo,-1.0,1.0,2,V4,12,0.2148396,12,layer3.0,9,0.25788249927318835
651,Chabo_L_P_2_8,P,8,L,V4,Chabo,-1.0,1.4000000000000001,2,V4,13,0.20041782,13,layer3.0,9,0.3724805169520345
652,Chabo_L_P_2_9,P,9,L,V4,Chabo,-1.0,1.8,2,V4,14,0.1797199,14,layer3.0,9,0.08154983499769863
653,Chabo_L_P_3_0,P,0,L,V4,Chabo,-0.6000000000000001,-1.8,3,V4,15,0.16179065,15,layer3.0,9,0.1414278160475193
654,Chabo_L_P_3_1,P,1,L,V4,Chabo,-0.6000000000000001,-1.4000000000000001,3,V4,16,0.14348383,16,layer3.0,9,0.21364692628549864
655,Chabo_L_P_3_5,P,5,L,V4,Chabo,-0.6000000000000001,0.2,3,V4,17,0.120257586,19,layer3.0,9,0.2164009623687889
656,Chabo_L_P_3_7,P,7,L,V4,Chabo,-0.6000000000000001,1.0,3,V4,18,0.11258666,20,layer3.0,9,0.07539086424612032
657,Chabo_L_P_3_9,P,9,L,V4,Chabo,-0.6000000000000001,1.8,3,V4,19,0.10354253,21,layer3.0,9,0.139806970091585
658,Chabo_L_P_4_2,P,2,L,V4,Chabo,-0.2,-1.0,4,V4,20,0.08750873,24,layer3.0,9,0.20082007928480383
659,Chabo_L_P_4_5,P,5,L,V4,Chabo,-0.2,0.2,4,V4,21,0.07274828,26,layer3.0,9,0.1035715712228375
660,Chabo_L_P_0_2,P,2,L,V4,Chabo,-1.8,-1.0,0,V4,0,5.880707,0,layer4.0,0,0.6087109596138132
661,Chabo_L_P_0_3,P,3,L,V4,Chabo,-1.8,-0.6000000000000001,0,V4,1,1.9804419,1,layer4.0,0,0.5365336923929804
662,Chabo_L_P_0_6,P,6,L,V4,Chabo,-1.8,0.6000000000000001,0,V4,2,1.1559918,2,layer4.0,0,0.3946684175775838
663,Chabo_L_P_1_0,P,0,L,V4,Chabo,-1.4000000000000001,-1.8,1,V4,3,0.90416205,3,layer4.0,0,0.2724364172192387
664,Chabo_L_P_1_2,P,2,L,V4,Chabo,-1.4000000000000001,-1.0,1,V4,4,0.6592647,4,layer4.0,0,0.1508428408475252
665,Chabo_L_P_1_4,P,4,L,V4,Chabo,-1.4000000000000001,-0.2,1,V4,5,0.5022691,5,layer4.0,0,0.286478449185292
666,Chabo_L_P_1_5,P,5,L,V4,Chabo,-1.4000000000000001,0.2,1,V4,6,0.45661438,6,layer4.0,0,0.09653420518780739
667,Chabo_L_P_1_9,P,9,L,V4,Chabo,-1.4000000000000001,1.8,1,V4,7,0.38636193,7,layer4.0,0,0.4165120080382659
668,Chabo_L_P_2_0,P,0,L,V4,Chabo,-1.0,-1.8,2,V4,8,0.36999488,8,layer4.0,0,0.19972249644292417
669,Chabo_L_P_2_1,P,1,L,V4,Chabo,-1.0,-1.4000000000000001,2,V4,9,0.30207703,9,layer4.0,0,0.0973982782945416
670,Chabo_L_P_2_4,P,4,L,V4,Chabo,-1.0,-0.2,2,V4,10,0.25871778,10,layer4.0,0,0.27748613806402783
671,Chabo_L_P_2_6,P,6,L,V4,Chabo,-1.0,0.6000000000000001,2,V4,11,0.23354065,11,layer4.0,0,0.2451672818880058
672,Chabo_L_P_2_7,P,7,L,V4,Chabo,-1.0,1.0,2,V4,12,0.2148396,12,layer4.0,0,0.09503905567415286
673,Chabo_L_P_2_8,P,8,L,V4,Chabo,-1.0,1.4000000000000001,2,V4,13,0.20041782,13,layer4.0,0,0.27792165897941723
674,Chabo_L_P_2_9,P,9,L,V4,Chabo,-1.0,1.8,2,V4,14,0.1797199,14,layer4.0,0,0.12056828005713799
675,Chabo_L_P_3_0,P,0,L,V4,Chabo,-0.6000000000000001,-1.8,3,V4,15,0.16179065,15,layer4.0,0,0.1915164533679243
676,Chabo_L_P_3_1,P,1,L,V4,Chabo,-0.6000000000000001,-1.4000000000000001,3,V4,16,0.14348383,16,layer4.0,0,0.2028409028162434
677,Chabo_L_P_3_5,P,5,L,V4,Chabo,-0.6000000000000001,0.2,3,V4,17,0.120257586,19,layer4.0,0,0.12212430580558593
678,Chabo_L_P_3_7,P,7,L,V4,Chabo,-0.6000000000000001,1.0,3,V4,18,0.11258666,20,layer4.0,0,0.1520528986364984
679,Chabo_L_P_3_9,P,9,L,V4,Chabo,-0.6000000000000001,1.8,3,V4,19,0.10354253,21,layer4.0,0,0.08132494958570267
680,Chabo_L_P_4_2,P,2,L,V4,Chabo,-0.2,-1.0,4,V4,20,0.08750873,24,layer4.0,0,0.1174364201412419
681,Chabo_L_P_4_5,P,5,L,V4,Chabo,-0.2,0.2,4,V4,21,0.07274828,26,layer4.0,0,0.11190717140758519
682,Chabo_L_P_0_2,P,2,L,V4,Chabo,-1.8,-1.0,0,V4,0,5.880707,0,layer4.0,1,0.6352539964026807
683,Chabo_L_P_0_3,P,3,L,V4,Chabo,-1.8,-0.6000000000000001,0,V4,1,1.9804419,1,layer4.0,1,0.5357801842059338
684,Chabo_L_P_0_6,P,6,L,V4,Chabo,-1.8,0.6000000000000001,0,V4,2,1.1559918,2,layer4.0,1,0.42653439213223404
685,Chabo_L_P_1_0,P,0,L,V4,Chabo,-1.4000000000000001,-1.8,1,V4,3,0.90416205,3,layer4.0,1,0.3638624083822929
686,Chabo_L_P_1_2,P,2,L,V4,Chabo,-1.4000000000000001,-1.0,1,V4,4,0.6592647,4,layer4.0,1,0.09011909338918594
687,Chabo_L_P_1_4,P,4,L,V4,Chabo,-1.4000000000000001,-0.2,1,V4,5,0.5022691,5,layer4.0,1,0.3324368857782566
688,Chabo_L_P_1_5,P,5,L,V4,Chabo,-1.4000000000000001,0.2,1,V4,6,0.45661438,6,layer4.0,1,0.1370365217908609
689,Chabo_L_P_1_9,P,9,L,V4,Chabo,-1.4000000000000001,1.8,1,V4,7,0.38636193,7,layer4.0,1,0.3892819362894267
690,Chabo_L_P_2_0,P,0,L,V4,Chabo,-1.0,-1.8,2,V4,8,0.36999488,8,layer4.0,1,0.16156333970324438
691,Chabo_L_P_2_1,P,1,L,V4,Chabo,-1.0,-1.4000000000000001,2,V4,9,0.30207703,9,layer4.0,1,0.03850707501030962
692,Chabo_L_P_2_4,P,4,L,V4,Chabo,-1.0,-0.2,2,V4,10,0.25871778,10,layer4.0,1,0.12760835388099698
693,Chabo_L_P_2_6,P,6,L,V4,Chabo,-1.0,0.6000000000000001,2,V4,11,0.23354065,11,layer4.0,1,0.25567186715956064
694,Chabo_L_P_2_7,P,7,L,V4,Chabo,-1.0,1.0,2,V4,12,0.2148396,12,layer4.0,1,0.034052919541935206
695,Chabo_L_P_2_8,P,8,L,V4,Chabo,-1.0,1.4000000000000001,2,V4,13,0.20041782,13,layer4.0,1,0.287860851791931
696,Chabo_L_P_2_9,P,9,L,V4,Chabo,-1.0,1.8,2,V4,14,0.1797199,14,layer4.0,1,0.0707007017200317
697,Chabo_L_P_3_0,P,0,L,V4,Chabo,-0.6000000000000001,-1.8,3,V4,15,0.16179065,15,layer4.0,1,0.1382661044692882
698,Chabo_L_P_3_1,P,1,L,V4,Chabo,-0.6000000000000001,-1.4000000000000001,3,V4,16,0.14348383,16,layer4.0,1,0.19416599593655987
699,Chabo_L_P_3_5,P,5,L,V4,Chabo,-0.6000000000000001,0.2,3,V4,17,0.120257586,19,layer4.0,1,0.02732369407996271
700,Chabo_L_P_3_7,P,7,L,V4,Chabo,-0.6000000000000001,1.0,3,V4,18,0.11258666,20,layer4.0,1,-0.012815367457088049
701,Chabo_L_P_3_9,P,9,L,V4,Chabo,-0.6000000000000001,1.8,3,V4,19,0.10354253,21,layer4.0,1,0.14176065804429583
702,Chabo_L_P_4_2,P,2,L,V4,Chabo,-0.2,-1.0,4,V4,20,0.08750873,24,layer4.0,1,0.14635666188971383
703,Chabo_L_P_4_5,P,5,L,V4,Chabo,-0.2,0.2,4,V4,21,0.07274828,26,layer4.0,1,0.0958943108788902
704,Chabo_L_P_0_2,P,2,L,V4,Chabo,-1.8,-1.0,0,V4,0,5.880707,0,layer4.0,2,0.6140645074772749
705,Chabo_L_P_0_3,P,3,L,V4,Chabo,-1.8,-0.6000000000000001,0,V4,1,1.9804419,1,layer4.0,2,0.6438910469626741
706,Chabo_L_P_0_6,P,6,L,V4,Chabo,-1.8,0.6000000000000001,0,V4,2,1.1559918,2,layer4.0,2,0.36470793049207545
707,Chabo_L_P_1_0,P,0,L,V4,Chabo,-1.4000000000000001,-1.8,1,V4,3,0.90416205,3,layer4.0,2,0.3112063665698332
708,Chabo_L_P_1_2,P,2,L,V4,Chabo,-1.4000000000000001,-1.0,1,V4,4,0.6592647,4,layer4.0,2,0.11236813333957049
709,Chabo_L_P_1_4,P,4,L,V4,Chabo,-1.4000000000000001,-0.2,1,V4,5,0.5022691,5,layer4.0,2,0.27561029651495217
710,Chabo_L_P_1_5,P,5,L,V4,Chabo,-1.4000000000000001,0.2,1,V4,6,0.45661438,6,layer4.0,2,0.025510477366093288
711,Chabo_L_P_1_9,P,9,L,V4,Chabo,-1.4000000000000001,1.8,1,V4,7,0.38636193,7,layer4.0,2,0.40618747852625564
712,Chabo_L_P_2_0,P,0,L,V4,Chabo,-1.0,-1.8,2,V4,8,0.36999488,8,layer4.0,2,0.2170016168090579
713,Chabo_L_P_2_1,P,1,L,V4,Chabo,-1.0,-1.4000000000000001,2,V4,9,0.30207703,9,layer4.0,2,0.14281049256338088
714,Chabo_L_P_2_4,P,4,L,V4,Chabo,-1.0,-0.2,2,V4,10,0.25871778,10,layer4.0,2,0.15808877768731214
715,Chabo_L_P_2_6,P,6,L,V4,Chabo,-1.0,0.6000000000000001,2,V4,11,0.23354065,11,layer4.0,2,0.25340770559920345
716,Chabo_L_P_2_7,P,7,L,V4,Chabo,-1.0,1.0,2,V4,12,0.2148396,12,layer4.0,2,0.11531001213727023
717,Chabo_L_P_2_8,P,8,L,V4,Chabo,-1.0,1.4000000000000001,2,V4,13,0.20041782,13,layer4.0,2,0.337795286704232
718,Chabo_L_P_2_9,P,9,L,V4,Chabo,-1.0,1.8,2,V4,14,0.1797199,14,layer4.0,2,0.228809416919594
719,Chabo_L_P_3_0,P,0,L,V4,Chabo,-0.6000000000000001,-1.8,3,V4,15,0.16179065,15,layer4.0,2,0.2197928655719926
720,Chabo_L_P_3_1,P,1,L,V4,Chabo,-0.6000000000000001,-1.4000000000000001,3,V4,16,0.14348383,16,layer4.0,2,0.27685087067848024
721,Chabo_L_P_3_5,P,5,L,V4,Chabo,-0.6000000000000001,0.2,3,V4,17,0.120257586,19,layer4.0,2,0.04797620537994823
722,Chabo_L_P_3_7,P,7,L,V4,Chabo,-0.6000000000000001,1.0,3,V4,18,0.11258666,20,layer4.0,2,-0.016691602677328443
723,Chabo_L_P_3_9,P,9,L,V4,Chabo,-0.6000000000000001,1.8,3,V4,19,0.10354253,21,layer4.0,2,0.16835579956366858
724,Chabo_L_P_4_2,P,2,L,V4,Chabo,-0.2,-1.0,4,V4,20,0.08750873,24,layer4.0,2,0.11665334318404136
725,Chabo_L_P_4_5,P,5,L,V4,Chabo,-0.2,0.2,4,V4,21,0.07274828,26,layer4.0,2,0.022294300823188864
726,Chabo_L_P_0_2,P,2,L,V4,Chabo,-1.8,-1.0,0,V4,0,5.880707,0,layer4.0,3,0.6101282708573271
727,Chabo_L_P_0_3,P,3,L,V4,Chabo,-1.8,-0.6000000000000001,0,V4,1,1.9804419,1,layer4.0,3,0.5564166442439037
728,Chabo_L_P_0_6,P,6,L,V4,Chabo,-1.8,0.6000000000000001,0,V4,2,1.1559918,2,layer4.0,3,0.45981091569457866
729,Chabo_L_P_1_0,P,0,L,V4,Chabo,-1.4000000000000001,-1.8,1,V4,3,0.90416205,3,layer4.0,3,0.22027745782092445
730,Chabo_L_P_1_2,P,2,L,V4,Chabo,-1.4000000000000001,-1.0,1,V4,4,0.6592647,4,layer4.0,3,0.08005519534091496
731,Chabo_L_P_1_4,P,4,L,V4,Chabo,-1.4000000000000001,-0.2,1,V4,5,0.5022691,5,layer4.0,3,0.2894517908044574
732,Chabo_L_P_1_5,P,5,L,V4,Chabo,-1.4000000000000001,0.2,1,V4,6,0.45661438,6,layer4.0,3,0.08103340795685327
733,Chabo_L_P_1_9,P,9,L,V4,Chabo,-1.4000000000000001,1.8,1,V4,7,0.38636193,7,layer4.0,3,0.44153392143473896
734,Chabo_L_P_2_0,P,0,L,V4,Chabo,-1.0,-1.8,2,V4,8,0.36999488,8,layer4.0,3,0.3403330336979463
735,Chabo_L_P_2_1,P,1,L,V4,Chabo,-1.0,-1.4000000000000001,2,V4,9,0.30207703,9,layer4.0,3,0.1454932550160668
736,Chabo_L_P_2_4,P,4,L,V4,Chabo,-1.0,-0.2,2,V4,10,0.25871778,10,layer4.0,3,0.23265257353017854
737,Chabo_L_P_2_6,P,6,L,V4,Chabo,-1.0,0.6000000000000001,2,V4,11,0.23354065,11,layer4.0,3,0.2445248779021657
738,Chabo_L_P_2_7,P,7,L,V4,Chabo,-1.0,1.0,2,V4,12,0.2148396,12,layer4.0,3,0.15044875325933824
739,Chabo_L_P_2_8,P,8,L,V4,Chabo,-1.0,1.4000000000000001,2,V4,13,0.20041782,13,layer4.0,3,0.26850558064622987
740,Chabo_L_P_2_9,P,9,L,V4,Chabo,-1.0,1.8,2,V4,14,0.1797199,14,layer4.0,3,0.04122158197802968
741,Chabo_L_P_3_0,P,0,L,V4,Chabo,-0.6000000000000001,-1.8,3,V4,15,0.16179065,15,layer4.0,3,0.09765838527196244
742,Chabo_L_P_3_1,P,1,L,V4,Chabo,-0.6000000000000001,-1.4000000000000001,3,V4,16,0.14348383,16,layer4.0,3,0.20946166122341953
743,Chabo_L_P_3_5,P,5,L,V4,Chabo,-0.6000000000000001,0.2,3,V4,17,0.120257586,19,layer4.0,3,0.16142644209313461
744,Chabo_L_P_3_7,P,7,L,V4,Chabo,-0.6000000000000001,1.0,3,V4,18,0.11258666,20,layer4.0,3,-0.041296464408003365
745,Chabo_L_P_3_9,P,9,L,V4,Chabo,-0.6000000000000001,1.8,3,V4,19,0.10354253,21,layer4.0,3,0.12154300409288286
746,Chabo_L_P_4_2,P,2,L,V4,Chabo,-0.2,-1.0,4,V4,20,0.08750873,24,layer4.0,3,0.24319573900395083
747,Chabo_L_P_4_5,P,5,L,V4,Chabo,-0.2,0.2,4,V4,21,0.07274828,26,layer4.0,3,0.1945508286706183
748,Chabo_L_P_0_2,P,2,L,V4,Chabo,-1.8,-1.0,0,V4,0,5.880707,0,layer4.0,4,0.6081399605994997
749,Chabo_L_P_0_3,P,3,L,V4,Chabo,-1.8,-0.6000000000000001,0,V4,1,1.9804419,1,layer4.0,4,0.5005117322324386
750,Chabo_L_P_0_6,P,6,L,V4,Chabo,-1.8,0.6000000000000001,0,V4,2,1.1559918,2,layer4.0,4,0.41727623706722994
751,Chabo_L_P_1_0,P,0,L,V4,Chabo,-1.4000000000000001,-1.8,1,V4,3,0.90416205,3,layer4.0,4,0.3044845941144808
752,Chabo_L_P_1_2,P,2,L,V4,Chabo,-1.4000000000000001,-1.0,1,V4,4,0.6592647,4,layer4.0,4,0.17802222948424598
753,Chabo_L_P_1_4,P,4,L,V4,Chabo,-1.4000000000000001,-0.2,1,V4,5,0.5022691,5,layer4.0,4,0.26531905399098993
754,Chabo_L_P_1_5,P,5,L,V4,Chabo,-1.4000000000000001,0.2,1,V4,6,0.45661438,6,layer4.0,4,0.026961842385871723
755,Chabo_L_P_1_9,P,9,L,V4,Chabo,-1.4000000000000001,1.8,1,V4,7,0.38636193,7,layer4.0,4,0.45059959798105376
756,Chabo_L_P_2_0,P,0,L,V4,Chabo,-1.0,-1.8,2,V4,8,0.36999488,8,layer4.0,4,0.2847644877936786
757,Chabo_L_P_2_1,P,1,L,V4,Chabo,-1.0,-1.4000000000000001,2,V4,9,0.30207703,9,layer4.0,4,0.15559746665047972
758,Chabo_L_P_2_4,P,4,L,V4,Chabo,-1.0,-0.2,2,V4,10,0.25871778,10,layer4.0,4,0.20333725441595926
759,Chabo_L_P_2_6,P,6,L,V4,Chabo,-1.0,0.6000000000000001,2,V4,11,0.23354065,11,layer4.0,4,0.22597369730944683
760,Chabo_L_P_2_7,P,7,L,V4,Chabo,-1.0,1.0,2,V4,12,0.2148396,12,layer4.0,4,0.13106416281641245
761,Chabo_L_P_2_8,P,8,L,V4,Chabo,-1.0,1.4000000000000001,2,V4,13,0.20041782,13,layer4.0,4,0.29546090515560497
762,Chabo_L_P_2_9,P,9,L,V4,Chabo,-1.0,1.8,2,V4,14,0.1797199,14,layer4.0,4,0.1749746053732539
763,Chabo_L_P_3_0,P,0,L,V4,Chabo,-0.6000000000000001,-1.8,3,V4,15,0.16179065,15,layer4.0,4,0.06863725308658705
764,Chabo_L_P_3_1,P,1,L,V4,Chabo,-0.6000000000000001,-1.4000000000000001,3,V4,16,0.14348383,16,layer4.0,4,0.1661554581876821
765,Chabo_L_P_3_5,P,5,L,V4,Chabo,-0.6000000000000001,0.2,3,V4,17,0.120257586,19,layer4.0,4,0.23781989959691754
766,Chabo_L_P_3_7,P,7,L,V4,Chabo,-0.6000000000000001,1.0,3,V4,18,0.11258666,20,layer4.0,4,0.05663961762321922
767,Chabo_L_P_3_9,P,9,L,V4,Chabo,-0.6000000000000001,1.8,3,V4,19,0.10354253,21,layer4.0,4,0.06366831694027465
768,Chabo_L_P_4_2,P,2,L,V4,Chabo,-0.2,-1.0,4,V4,20,0.08750873,24,layer4.0,4,0.15666102636319865
769,Chabo_L_P_4_5,P,5,L,V4,Chabo,-0.2,0.2,4,V4,21,0.07274828,26,layer4.0,4,0.014022904069305342
770,Chabo_L_P_0_2,P,2,L,V4,Chabo,-1.8,-1.0,0,V4,0,5.880707,0,layer4.0,5,0.6440007779498723
771,Chabo_L_P_0_3,P,3,L,V4,Chabo,-1.8,-0.6000000000000001,0,V4,1,1.9804419,1,layer4.0,5,0.5307909834904094
772,Chabo_L_P_0_6,P,6,L,V4,Chabo,-1.8,0.6000000000000001,0,V4,2,1.1559918,2,layer4.0,5,0.39318073711866697
773,Chabo_L_P_1_0,P,0,L,V4,Chabo,-1.4000000000000001,-1.8,1,V4,3,0.90416205,3,layer4.0,5,0.2557062083078767
774,Chabo_L_P_1_2,P,2,L,V4,Chabo,-1.4000000000000001,-1.0,1,V4,4,0.6592647,4,layer4.0,5,0.1126066785107763
775,Chabo_L_P_1_4,P,4,L,V4,Chabo,-1.4000000000000001,-0.2,1,V4,5,0.5022691,5,layer4.0,5,0.22912400299632357
776,Chabo_L_P_1_5,P,5,L,V4,Chabo,-1.4000000000000001,0.2,1,V4,6,0.45661438,6,layer4.0,5,0.01327224064596217
777,Chabo_L_P_1_9,P,9,L,V4,Chabo,-1.4000000000000001,1.8,1,V4,7,0.38636193,7,layer4.0,5,0.44075123186060916
778,Chabo_L_P_2_0,P,0,L,V4,Chabo,-1.0,-1.8,2,V4,8,0.36999488,8,layer4.0,5,0.21841467267521855
779,Chabo_L_P_2_1,P,1,L,V4,Chabo,-1.0,-1.4000000000000001,2,V4,9,0.30207703,9,layer4.0,5,0.07014491983045448
780,Chabo_L_P_2_4,P,4,L,V4,Chabo,-1.0,-0.2,2,V4,10,0.25871778,10,layer4.0,5,0.29906897535708954
781,Chabo_L_P_2_6,P,6,L,V4,Chabo,-1.0,0.6000000000000001,2,V4,11,0.23354065,11,layer4.0,5,0.1912294859121153
782,Chabo_L_P_2_7,P,7,L,V4,Chabo,-1.0,1.0,2,V4,12,0.2148396,12,layer4.0,5,0.1924216025553267
783,Chabo_L_P_2_8,P,8,L,V4,Chabo,-1.0,1.4000000000000001,2,V4,13,0.20041782,13,layer4.0,5,0.4037780082801996
784,Chabo_L_P_2_9,P,9,L,V4,Chabo,-1.0,1.8,2,V4,14,0.1797199,14,layer4.0,5,0.11986596000667585
785,Chabo_L_P_3_0,P,0,L,V4,Chabo,-0.6000000000000001,-1.8,3,V4,15,0.16179065,15,layer4.0,5,0.17246787471324765
786,Chabo_L_P_3_1,P,1,L,V4,Chabo,-0.6000000000000001,-1.4000000000000001,3,V4,16,0.14348383,16,layer4.0,5,0.20995775768661518
787,Chabo_L_P_3_5,P,5,L,V4,Chabo,-0.6000000000000001,0.2,3,V4,17,0.120257586,19,layer4.0,5,0.08765497365761957
788,Chabo_L_P_3_7,P,7,L,V4,Chabo,-0.6000000000000001,1.0,3,V4,18,0.11258666,20,layer4.0,5,0.08276259036030689
789,Chabo_L_P_3_9,P,9,L,V4,Chabo,-0.6000000000000001,1.8,3,V4,19,0.10354253,21,layer4.0,5,0.10698213387506939
790,Chabo_L_P_4_2,P,2,L,V4,Chabo,-0.2,-1.0,4,V4,20,0.08750873,24,layer4.0,5,0.10305388318754279
791,Chabo_L_P_4_5,P,5,L,V4,Chabo,-0.2,0.2,4,V4,21,0.07274828,26,layer4.0,5,0.1588827174594457
792,Chabo_L_P_0_2,P,2,L,V4,Chabo,-1.8,-1.0,0,V4,0,5.880707,0,layer4.0,6,0.6627819880059931
793,Chabo_L_P_0_3,P,3,L,V4,Chabo,-1.8,-0.6000000000000001,0,V4,1,1.9804419,1,layer4.0,6,0.5474509297808221
794,Chabo_L_P_0_6,P,6,L,V4,Chabo,-1.8,0.6000000000000001,0,V4,2,1.1559918,2,layer4.0,6,0.4430146453743905
795,Chabo_L_P_1_0,P,0,L,V4,Chabo,-1.4000000000000001,-1.8,1,V4,3,0.90416205,3,layer4.0,6,0.330209728388298
796,Chabo_L_P_1_2,P,2,L,V4,Chabo,-1.4000000000000001,-1.0,1,V4,4,0.6592647,4,layer4.0,6,0.18571888440003653
797,Chabo_L_P_1_4,P,4,L,V4,Chabo,-1.4000000000000001,-0.2,1,V4,5,0.5022691,5,layer4.0,6,0.22399049612661875
798,Chabo_L_P_1_5,P,5,L,V4,Chabo,-1.4000000000000001,0.2,1,V4,6,0.45661438,6,layer4.0,6,0.07087501408775426
799,Chabo_L_P_1_9,P,9,L,V4,Chabo,-1.4000000000000001,1.8,1,V4,7,0.38636193,7,layer4.0,6,0.34803392222352725
800,Chabo_L_P_2_0,P,0,L,V4,Chabo,-1.0,-1.8,2,V4,8,0.36999488,8,layer4.0,6,0.2299167944579802
801,Chabo_L_P_2_1,P,1,L,V4,Chabo,-1.0,-1.4000000000000001,2,V4,9,0.30207703,9,layer4.0,6,0.07211072321198214
802,Chabo_L_P_2_4,P,4,L,V4,Chabo,-1.0,-0.2,2,V4,10,0.25871778,10,layer4.0,6,0.18233613626533118
803,Chabo_L_P_2_6,P,6,L,V4,Chabo,-1.0,0.6000000000000001,2,V4,11,0.23354065,11,layer4.0,6,0.22660405564302075
804,Chabo_L_P_2_7,P,7,L,V4,Chabo,-1.0,1.0,2,V4,12,0.2148396,12,layer4.0,6,0.09433706165095875
805,Chabo_L_P_2_8,P,8,L,V4,Chabo,-1.0,1.4000000000000001,2,V4,13,0.20041782,13,layer4.0,6,0.28825663918470923
806,Chabo_L_P_2_9,P,9,L,V4,Chabo,-1.0,1.8,2,V4,14,0.1797199,14,layer4.0,6,0.12757342958594486
807,Chabo_L_P_3_0,P,0,L,V4,Chabo,-0.6000000000000001,-1.8,3,V4,15,0.16179065,15,layer4.0,6,0.08547838011950241
808,Chabo_L_P_3_1,P,1,L,V4,Chabo,-0.6000000000000001,-1.4000000000000001,3,V4,16,0.14348383,16,layer4.0,6,0.259246727476339
809,Chabo_L_P_3_5,P,5,L,V4,Chabo,-0.6000000000000001,0.2,3,V4,17,0.120257586,19,layer4.0,6,0.16045079976365273
810,Chabo_L_P_3_7,P,7,L,V4,Chabo,-0.6000000000000001,1.0,3,V4,18,0.11258666,20,layer4.0,6,0.038098056582365654
811,Chabo_L_P_3_9,P,9,L,V4,Chabo,-0.6000000000000001,1.8,3,V4,19,0.10354253,21,layer4.0,6,0.06125332652309009
812,Chabo_L_P_4_2,P,2,L,V4,Chabo,-0.2,-1.0,4,V4,20,0.08750873,24,layer4.0,6,0.18930631068534629
813,Chabo_L_P_4_5,P,5,L,V4,Chabo,-0.2,0.2,4,V4,21,0.07274828,26,layer4.0,6,0.11820613453228429
814,Chabo_L_P_0_2,P,2,L,V4,Chabo,-1.8,-1.0,0,V4,0,5.880707,0,layer4.0,7,0.6499946857783606
815,Chabo_L_P_0_3,P,3,L,V4,Chabo,-1.8,-0.6000000000000001,0,V4,1,1.9804419,1,layer4.0,7,0.48323496324500126
816,Chabo_L_P_0_6,P,6,L,V4,Chabo,-1.8,0.6000000000000001,0,V4,2,1.1559918,2,layer4.0,7,0.3649251062214956
817,Chabo_L_P_1_0,P,0,L,V4,Chabo,-1.4000000000000001,-1.8,1,V4,3,0.90416205,3,layer4.0,7,0.29494137293000405
818,Chabo_L_P_1_2,P,2,L,V4,Chabo,-1.4000000000000001,-1.0,1,V4,4,0.6592647,4,layer4.0,7,0.049802073435762116
819,Chabo_L_P_1_4,P,4,L,V4,Chabo,-1.4000000000000001,-0.2,1,V4,5,0.5022691,5,layer4.0,7,0.33755172714767345
820,Chabo_L_P_1_5,P,5,L,V4,Chabo,-1.4000000000000001,0.2,1,V4,6,0.45661438,6,layer4.0,7,0.09566900440617535
821,Chabo_L_P_1_9,P,9,L,V4,Chabo,-1.4000000000000001,1.8,1,V4,7,0.38636193,7,layer4.0,7,0.49459070462041943
822,Chabo_L_P_2_0,P,0,L,V4,Chabo,-1.0,-1.8,2,V4,8,0.36999488,8,layer4.0,7,0.14709499536140302
823,Chabo_L_P_2_1,P,1,L,V4,Chabo,-1.0,-1.4000000000000001,2,V4,9,0.30207703,9,layer4.0,7,0.11907996712464546
824,Chabo_L_P_2_4,P,4,L,V4,Chabo,-1.0,-0.2,2,V4,10,0.25871778,10,layer4.0,7,0.2616678438820185
825,Chabo_L_P_2_6,P,6,L,V4,Chabo,-1.0,0.6000000000000001,2,V4,11,0.23354065,11,layer4.0,7,0.25209899684667947
826,Chabo_L_P_2_7,P,7,L,V4,Chabo,-1.0,1.0,2,V4,12,0.2148396,12,layer4.0,7,0.14052133035621894
827,Chabo_L_P_2_8,P,8,L,V4,Chabo,-1.0,1.4000000000000001,2,V4,13,0.20041782,13,layer4.0,7,0.3345225708819295
828,Chabo_L_P_2_9,P,9,L,V4,Chabo,-1.0,1.8,2,V4,14,0.1797199,14,layer4.0,7,0.165035424800974
829,Chabo_L_P_3_0,P,0,L,V4,Chabo,-0.6000000000000001,-1.8,3,V4,15,0.16179065,15,layer4.0,7,0.16903547768014532
830,Chabo_L_P_3_1,P,1,L,V4,Chabo,-0.6000000000000001,-1.4000000000000001,3,V4,16,0.14348383,16,layer4.0,7,0.2526794437990366
831,Chabo_L_P_3_5,P,5,L,V4,Chabo,-0.6000000000000001,0.2,3,V4,17,0.120257586,19,layer4.0,7,0.09854843480839369
832,Chabo_L_P_3_7,P,7,L,V4,Chabo,-0.6000000000000001,1.0,3,V4,18,0.11258666,20,layer4.0,7,-0.01835311482864899
833,Chabo_L_P_3_9,P,9,L,V4,Chabo,-0.6000000000000001,1.8,3,V4,19,0.10354253,21,layer4.0,7,-0.0004804804389072319
834,Chabo_L_P_4_2,P,2,L,V4,Chabo,-0.2,-1.0,4,V4,20,0.08750873,24,layer4.0,7,0.17517535247335356
835,Chabo_L_P_4_5,P,5,L,V4,Chabo,-0.2,0.2,4,V4,21,0.07274828,26,layer4.0,7,0.027115536708160217
836,Chabo_L_P_0_2,P,2,L,V4,Chabo,-1.8,-1.0,0,V4,0,5.880707,0,layer4.0,8,0.6421450079663651
837,Chabo_L_P_0_3,P,3,L,V4,Chabo,-1.8,-0.6000000000000001,0,V4,1,1.9804419,1,layer4.0,8,0.4900068719918599
838,Chabo_L_P_0_6,P,6,L,V4,Chabo,-1.8,0.6000000000000001,0,V4,2,1.1559918,2,layer4.0,8,0.4538554670495875
839,Chabo_L_P_1_0,P,0,L,V4,Chabo,-1.4000000000000001,-1.8,1,V4,3,0.90416205,3,layer4.0,8,0.30397986541060645
840,Chabo_L_P_1_2,P,2,L,V4,Chabo,-1.4000000000000001,-1.0,1,V4,4,0.6592647,4,layer4.0,8,0.09805734361757867
841,Chabo_L_P_1_4,P,4,L,V4,Chabo,-1.4000000000000001,-0.2,1,V4,5,0.5022691,5,layer4.0,8,0.27242899982923074
842,Chabo_L_P_1_5,P,5,L,V4,Chabo,-1.4000000000000001,0.2,1,V4,6,0.45661438,6,layer4.0,8,0.1247975030479677
843,Chabo_L_P_1_9,P,9,L,V4,Chabo,-1.4000000000000001,1.8,1,V4,7,0.38636193,7,layer4.0,8,0.3434362436905579
844,Chabo_L_P_2_0,P,0,L,V4,Chabo,-1.0,-1.8,2,V4,8,0.36999488,8,layer4.0,8,0.20377678446417494
845,Chabo_L_P_2_1,P,1,L,V4,Chabo,-1.0,-1.4000000000000001,2,V4,9,0.30207703,9,layer4.0,8,0.1118488507111611
846,Chabo_L_P_2_4,P,4,L,V4,Chabo,-1.0,-0.2,2,V4,10,0.25871778,10,layer4.0,8,0.25595729323074823
847,Chabo_L_P_2_6,P,6,L,V4,Chabo,-1.0,0.6000000000000001,2,V4,11,0.23354065,11,layer4.0,8,0.29708334191376623
848,Chabo_L_P_2_7,P,7,L,V4,Chabo,-1.0,1.0,2,V4,12,0.2148396,12,layer4.0,8,0.2278467838892086
849,Chabo_L_P_2_8,P,8,L,V4,Chabo,-1.0,1.4000000000000001,2,V4,13,0.20041782,13,layer4.0,8,0.257931403074002
850,Chabo_L_P_2_9,P,9,L,V4,Chabo,-1.0,1.8,2,V4,14,0.1797199,14,layer4.0,8,0.168265371448645
851,Chabo_L_P_3_0,P,0,L,V4,Chabo,-0.6000000000000001,-1.8,3,V4,15,0.16179065,15,layer4.0,8,0.20880595125587925
852,Chabo_L_P_3_1,P,1,L,V4,Chabo,-0.6000000000000001,-1.4000000000000001,3,V4,16,0.14348383,16,layer4.0,8,0.17109710360440983
853,Chabo_L_P_3_5,P,5,L,V4,Chabo,-0.6000000000000001,0.2,3,V4,17,0.120257586,19,layer4.0,8,0.1135638788941951
854,Chabo_L_P_3_7,P,7,L,V4,Chabo,-0.6000000000000001,1.0,3,V4,18,0.11258666,20,layer4.0,8,0.13161770352787788
855,Chabo_L_P_3_9,P,9,L,V4,Chabo,-0.6000000000000001,1.8,3,V4,19,0.10354253,21,layer4.0,8,0.06341500652979194
856,Chabo_L_P_4_2,P,2,L,V4,Chabo,-0.2,-1.0,4,V4,20,0.08750873,24,layer4.0,8,0.09141255356697595
857,Chabo_L_P_4_5,P,5,L,V4,Chabo,-0.2,0.2,4,V4,21,0.07274828,26,layer4.0,8,0.09921431692349128
858,Chabo_L_P_0_2,P,2,L,V4,Chabo,-1.8,-1.0,0,V4,0,5.880707,0,layer4.0,9,0.6559518154973972
859,Chabo_L_P_0_3,P,3,L,V4,Chabo,-1.8,-0.6000000000000001,0,V4,1,1.9804419,1,layer4.0,9,0.5356037687366584
860,Chabo_L_P_0_6,P,6,L,V4,Chabo,-1.8,0.6000000000000001,0,V4,2,1.1559918,2,layer4.0,9,0.4221708584718482
861,Chabo_L_P_1_0,P,0,L,V4,Chabo,-1.4000000000000001,-1.8,1,V4,3,0.90416205,3,layer4.0,9,0.3022825216670145
862,Chabo_L_P_1_2,P,2,L,V4,Chabo,-1.4000000000000001,-1.0,1,V4,4,0.6592647,4,layer4.0,9,0.12471604484808003
863,Chabo_L_P_1_4,P,4,L,V4,Chabo,-1.4000000000000001,-0.2,1,V4,5,0.5022691,5,layer4.0,9,0.36175138421390496
864,Chabo_L_P_1_5,P,5,L,V4,Chabo,-1.4000000000000001,0.2,1,V4,6,0.45661438,6,layer4.0,9,0.14019173441342797
865,Chabo_L_P_1_9,P,9,L,V4,Chabo,-1.4000000000000001,1.8,1,V4,7,0.38636193,7,layer4.0,9,0.41417095743764876
866,Chabo_L_P_2_0,P,0,L,V4,Chabo,-1.0,-1.8,2,V4,8,0.36999488,8,layer4.0,9,0.2359521857287704
867,Chabo_L_P_2_1,P,1,L,V4,Chabo,-1.0,-1.4000000000000001,2,V4,9,0.30207703,9,layer4.0,9,0.1281895529271991
868,Chabo_L_P_2_4,P,4,L,V4,Chabo,-1.0,-0.2,2,V4,10,0.25871778,10,layer4.0,9,0.22388081015402272
869,Chabo_L_P_2_6,P,6,L,V4,Chabo,-1.0,0.6000000000000001,2,V4,11,0.23354065,11,layer4.0,9,0.22554145535051617
870,Chabo_L_P_2_7,P,7,L,V4,Chabo,-1.0,1.0,2,V4,12,0.2148396,12,layer4.0,9,0.20610695997790082
871,Chabo_L_P_2_8,P,8,L,V4,Chabo,-1.0,1.4000000000000001,2,V4,13,0.20041782,13,layer4.0,9,0.37290273338635294
872,Chabo_L_P_2_9,P,9,L,V4,Chabo,-1.0,1.8,2,V4,14,0.1797199,14,layer4.0,9,0.08432791132389632
873,Chabo_L_P_3_0,P,0,L,V4,Chabo,-0.6000000000000001,-1.8,3,V4,15,0.16179065,15,layer4.0,9,0.1264882104529483
874,Chabo_L_P_3_1,P,1,L,V4,Chabo,-0.6000000000000001,-1.4000000000000001,3,V4,16,0.14348383,16,layer4.0,9,0.207703864435359
875,Chabo_L_P_3_5,P,5,L,V4,Chabo,-0.6000000000000001,0.2,3,V4,17,0.120257586,19,layer4.0,9,0.21053394470624862
876,Chabo_L_P_3_7,P,7,L,V4,Chabo,-0.6000000000000001,1.0,3,V4,18,0.11258666,20,layer4.0,9,0.03199686746952305
877,Chabo_L_P_3_9,P,9,L,V4,Chabo,-0.6000000000000001,1.8,3,V4,19,0.10354253,21,layer4.0,9,0.13407446796162525
878,Chabo_L_P_4_2,P,2,L,V4,Chabo,-0.2,-1.0,4,V4,20,0.08750873,24,layer4.0,9,0.19347671517499967
879,Chabo_L_P_4_5,P,5,L,V4,Chabo,-0.2,0.2,4,V4,21,0.07274828,26,layer4.0,9,0.09771592039028146
